INSERT INTO `sizes` (`id`, `name`, `is_deleted`, `create_date`)
    VALUES
        ('1', 'ducimus', 0, '1988-06-02 19:48:30'),
        ('2', 'exercitationem', 1, '1998-03-07 00:02:46'),
        ('3', 'natus', 1, '1994-04-25 15:52:32'),
        ('4', 'fugit', 0, '2004-11-27 22:31:32'),
        ('5', 'sunt', 0, '1970-11-16 13:22:49'),
        ('6', 'aperiam', 1, '2004-06-30 08:56:43'),
        ('7', 'amet', 1, '2009-12-20 23:13:24'),
        ('8', 'nulla', 0, '1976-10-04 14:15:09'),
        ('9', 'error', 1, '2014-01-01 21:11:35'),
        ('10', 'consequatur', 0, '2011-04-28 12:14:35'),
        ('11', 'cum', 1, '2010-02-27 18:52:33'),
        ('12', 'rerum', 0, '2006-08-14 16:26:07'),
        ('13', 'et', 0, '2016-01-10 17:47:55'),
        ('14', 'corporis', 0, '2016-02-24 12:03:46'),
        ('15', 'corporis', 1, '1993-02-04 20:33:43'),
        ('16', 'et', 0, '2001-06-28 01:41:28'),
        ('17', 'quasi', 1, '1982-05-08 23:36:47'),
        ('18', 'et', 0, '2005-06-18 05:34:35'),
        ('19', 'enim', 1, '2012-05-24 17:28:09'),
        ('20', 'eos', 0, '2000-06-04 19:25:39'),
        ('21', 'et', 0, '2005-01-12 09:59:13'),
        ('22', 'qui', 1, '2018-10-23 02:25:19'),
        ('23', 'quaerat', 1, '2001-04-27 19:10:13'),
        ('24', 'incidunt', 1, '1974-12-16 20:16:00'),
        ('25', 'consequatur', 1, '2014-03-12 16:47:29'),
        ('26', 'repudiandae', 0, '2003-02-15 17:03:56'),
        ('27', 'voluptas', 0, '1992-05-15 19:44:57'),
        ('28', 'consequatur', 1, '1978-02-22 22:07:09'),
        ('29', 'maiores', 1, '1996-02-22 03:02:15'),
        ('30', 'adipisci', 1, '2002-01-22 12:20:16'),
        ('31', 'beatae', 0, '1985-02-20 06:22:59'),
        ('32', 'ipsum', 0, '2002-06-22 07:23:05'),
        ('33', 'sit', 0, '2008-05-09 14:45:37'),
        ('34', 'natus', 1, '1988-10-04 16:34:51'),
        ('35', 'voluptatum', 0, '2010-01-13 03:16:19'),
        ('36', 'est', 1, '1983-06-29 19:38:47'),
        ('37', 'recusandae', 0, '2017-11-21 09:04:05'),
        ('38', 'labore', 0, '2008-02-10 05:43:54'),
        ('39', 'repellendus', 1, '1971-08-11 05:44:51'),
        ('40', 'error', 0, '1976-04-13 01:55:47'),
        ('41', 'sed', 1, '2005-05-03 07:38:50'),
        ('42', 'soluta', 0, '1997-09-14 21:03:14'),
        ('43', 'dolore', 1, '1971-02-13 07:30:06'),
        ('44', 'asperiores', 1, '1981-10-19 21:11:44'),
        ('45', 'deserunt', 1, '1971-08-11 03:32:55'),
        ('46', 'unde', 0, '2011-10-01 23:15:40'),
        ('47', 'accusamus', 1, '1987-06-01 17:04:46'),
        ('48', 'voluptatem', 0, '1990-07-25 05:26:12'),
        ('49', 'iure', 1, '1991-07-07 02:34:11'),
        ('50', 'voluptate', 0, '2013-11-14 05:32:00'),
        ('51', 'provident', 0, '2011-08-22 17:21:59'),
        ('52', 'repellat', 1, '1997-09-21 08:51:18'),
        ('53', 'vero', 1, '1975-01-29 15:15:43'),
        ('54', 'corrupti', 0, '2000-04-29 20:29:56'),
        ('55', 'praesentium', 0, '1995-01-02 07:55:22'),
        ('56', 'sequi', 1, '2013-02-22 22:22:33'),
        ('57', 'animi', 1, '1976-09-20 05:50:16'),
        ('58', 'facilis', 0, '1987-08-17 20:38:22'),
        ('59', 'et', 0, '1993-05-01 04:03:42'),
        ('60', 'at', 1, '1981-03-25 17:34:55'),
        ('61', 'dolores', 0, '2019-10-05 03:17:12'),
        ('62', 'magni', 1, '2015-08-03 23:06:14'),
        ('63', 'iusto', 1, '1976-09-08 04:05:32'),
        ('64', 'veniam', 1, '1976-06-02 17:52:50'),
        ('65', 'facere', 1, '1986-04-11 10:12:40'),
        ('66', 'earum', 0, '1990-07-06 23:39:04'),
        ('67', 'vel', 0, '1971-06-08 10:07:12'),
        ('68', 'fugit', 0, '2019-09-25 04:35:52'),
        ('69', 'suscipit', 1, '2019-07-16 10:15:24'),
        ('70', 'iure', 0, '1995-04-10 22:55:24'),
        ('71', 'sint', 0, '2000-03-10 04:32:10'),
        ('72', 'vel', 1, '2001-01-07 23:44:57'),
        ('73', 'officia', 0, '1989-07-30 13:31:04'),
        ('74', 'expedita', 1, '2015-01-01 08:05:06'),
        ('75', 'quae', 0, '2015-02-13 07:59:58'),
        ('76', 'reprehenderit', 0, '1989-06-09 23:36:34'),
        ('77', 'itaque', 1, '1975-02-19 23:25:39'),
        ('78', 'eum', 1, '1981-02-10 00:04:53'),
        ('79', 'omnis', 1, '1992-04-22 21:06:57'),
        ('80', 'adipisci', 1, '1983-08-14 13:38:59'),
        ('81', 'officia', 0, '2005-04-26 13:39:54'),
        ('82', 'culpa', 1, '2006-02-09 00:45:49'),
        ('83', 'nihil', 1, '2013-12-06 04:47:35'),
        ('84', 'fugiat', 0, '1999-03-18 13:06:44'),
        ('85', 'qui', 1, '1997-03-11 15:22:28'),
        ('86', 'nulla', 0, '1972-09-27 08:53:33'),
        ('87', 'necessitatibus', 0, '1988-01-14 01:14:58'),
        ('88', 'maxime', 0, '2006-12-03 17:20:34'),
        ('89', 'laudantium', 1, '1980-04-07 03:20:29'),
        ('90', 'placeat', 0, '1970-09-11 19:55:39'),
        ('91', 'voluptates', 0, '2017-09-01 01:24:33'),
        ('92', 'impedit', 1, '1987-08-27 09:22:08'),
        ('93', 'cupiditate', 1, '1979-12-16 20:46:05'),
        ('94', 'id', 0, '2011-08-18 21:41:55'),
        ('95', 'in', 1, '1972-07-09 21:40:24'),
        ('96', 'itaque', 1, '1990-03-31 09:06:07'),
        ('97', 'autem', 0, '2012-04-19 16:29:57'),
        ('98', 'enim', 0, '1982-01-14 15:03:17'),
        ('99', 'maiores', 1, '1990-04-09 17:54:10'),
        ('100', 'et', 0, '1974-04-07 06:21:11');

INSERT INTO `users` (`id`, `email`, `password`, `is_deleted`, `create_date`)
    VALUES
        ('1', 'destinee27@example.net', 'b02ca1a3602b5cc21869f0a7adbe89c722013e1e', 0, '1984-01-18 16:01:55'),
        ('2', 'rebeca41@example.net', 'a76cf8465f9a037b7a2b772b0cf377caa37463ff', 1, '2009-11-17 23:21:51'),
        ('3', 'toni.pagac@example.net', '018ee6334039ef97d7cfe196d9bfe65fbac5dae9', 0, '1977-10-18 20:32:21'),
        ('4', 'jess89@example.com', '26e2fb659c7f42d9a7c80f9e2149b5ff1dacd617', 0, '2005-03-12 06:58:49'),
        ('5', 'blanca.ziemann@example.org', '9f16934f18a2f506bb8edc3ec763d47506ab84f0', 1, '1977-02-25 21:15:08'),
        ('6', 'armando73@example.org', 'f8920a4c4420b93bef2fdb04828bfcb2549579bf', 1, '1981-06-02 04:15:03'),
        ('7', 'caroline56@example.com', '5bd4e64bf8aca17937eb3549f4f0023158c6a8d3', 1, '2013-01-22 02:24:15'),
        ('8', 'marcelina89@example.com', '138f89d908893b3e436da3db1e876fe4ce935877', 0, '1999-01-10 01:37:46'),
        ('9', 'oabernathy@example.com', '8aa7953e834f99c300454949dce64e59f7140743', 0, '1980-02-19 02:13:11'),
        ('10', 'collins.cheyanne@example.net', '2baa6f670004071e6433cb7cf0f1f0afc3a79ce3', 0, '2002-06-20 08:13:04'),
        ('11', 'kyra.mckenzie@example.com', 'ebc4b4ce5cf9ed9d1ad36255e8377d1d20af55e5', 1, '2006-09-22 06:28:20'),
        ('12', 'okey54@example.net', 'ce05a95ee0ba87ee5715d0f78c790a7d8a59f5d6', 0, '1983-02-26 07:29:33'),
        ('13', 'vtromp@example.net', '550f2a78e67e80f9133f40f2b5b89b21edd5775b', 1, '2017-11-28 16:00:48'),
        ('14', 'ines88@example.net', '7d62d30f97712e59ffc029ee408742746fc05ba9', 1, '2003-04-11 09:17:52'),
        ('15', 'cchristiansen@example.org', 'c640353781d952df2f84f27ad8ae003be7872474', 1, '2000-05-23 07:21:19'),
        ('16', 'vmitchell@example.net', '30102774cfdfa8b4aa062ce5bb7ba0df5e61ad96', 1, '2015-10-23 07:26:10'),
        ('17', 'katarina.vonrueden@example.com', '785e89fadb39504cc963cdadbd7fcbbda326f116', 1, '2010-04-15 23:48:43'),
        ('18', 'waters.lavada@example.com', '40eac57d4d3068d1f65183fb254310b8d449aaa7', 0, '1977-09-17 05:23:09'),
        ('19', 'wyman.gianni@example.org', '4ea5e8c9db1c878a95c20f1432fbf03a883b3eb7', 1, '2006-05-15 02:35:57'),
        ('20', 'queen20@example.org', '75e2583459bb169bda3dc17da24823676b968da9', 1, '2004-11-11 20:22:13'),
        ('21', 'ocrona@example.com', '1a01716d58970bc1071cd172ff667e12757ca2a6', 1, '2010-11-28 07:44:27'),
        ('22', 'wiza.shea@example.net', '5ac7a68814f6d44817a572efbc198aa18252d116', 0, '2008-08-11 00:19:37'),
        ('23', 'zoila34@example.org', '63cdeae10b5b7ac8c0246d181f98604d4b6b1e42', 0, '2000-11-04 20:19:24'),
        ('24', 'enrico38@example.com', '432965b00a2d66f3d14d84a81ce5eee1edd6ef50', 1, '1999-12-16 01:20:22'),
        ('25', 'gayle06@example.org', '786142448bd80f814223d97ab125c2be83198c27', 0, '1988-04-10 18:36:49'),
        ('26', 'torp.damien@example.org', '60130435bb5baab4ee400ee2478aef6301f0264e', 0, '2018-04-25 14:18:03'),
        ('27', 'estrella.beier@example.com', '9eeedaeb531a46adafb159008a2b4e9a84aa7ce0', 0, '2010-11-16 09:33:56'),
        ('28', 'skshlerin@example.com', '436f2c5c8ffcd320842fd36d7bc1764bab15c8ae', 0, '2016-07-15 00:46:06'),
        ('29', 'wtreutel@example.org', '46d27f578dd2630c8e4aa60dd91defe9de646d4b', 1, '2016-08-31 08:00:19'),
        ('30', 'tconroy@example.net', '89e0257970c292b26a2c6fa41d72178a66138463', 1, '1971-06-12 20:07:50'),
        ('31', 'zferry@example.com', '066c5e1a680934dcb5780db78a6f864d393207a4', 1, '1971-04-18 20:49:23'),
        ('32', 'deonte34@example.com', 'bf9bde48c1c6c5bfa2b67ba792b8cb7332628738', 1, '2006-11-24 02:15:05'),
        ('33', 'evan34@example.org', 'a6d605bd724da6176154f5d64501be6e282657cb', 0, '2003-06-30 05:59:14'),
        ('34', 'robbie91@example.org', 'dbfea9b4ecb2ac72124d609c337a3c4cc8be4f5d', 0, '1987-11-05 05:27:37'),
        ('35', 'blindgren@example.com', 'c32334629d83e48ca176dda665945db438c14475', 0, '1992-07-29 07:53:42'),
        ('36', 'bins.beth@example.net', '8de201fe0a2e3eb3192808ea5b0f54e0121bf039', 0, '1984-01-12 13:58:49'),
        ('37', 'kaleigh47@example.org', 'f5f6e9fe5e898a952a020e3e87e818d42b149293', 0, '1979-12-26 23:05:36'),
        ('38', 'xstiedemann@example.com', 'c6e7602b1df9942bc1a772b2df836b9caa1a1ec3', 1, '2015-09-14 07:39:23'),
        ('39', 'oheidenreich@example.net', 'c9e84a347bfdc081b010b76a61b2570ed37a948e', 0, '1983-11-02 19:03:30'),
        ('40', 'stella18@example.net', 'd1ee4b02e09c7f91f0c58bf65c528019415c04a7', 1, '1987-02-22 00:40:49'),
        ('41', 'mdoyle@example.org', '31ec596b9b30db2828f1753f81bc7bd6250ecf83', 1, '1994-12-16 04:55:56'),
        ('42', 'alva11@example.com', '72e25ef5b95ffcb79a988d44a898fbbeead63f85', 1, '2002-12-24 12:26:30'),
        ('43', 'deja.white@example.com', '5e7d71a0aff0e8f4390ac2c94efc66f8ffc24d5b', 0, '1980-02-03 17:37:30'),
        ('44', 'russell.mayert@example.com', 'eda91438a35409e05cc6a32528f6992d7185dda0', 0, '2013-06-25 03:26:52'),
        ('45', 'dashawn.upton@example.org', '2f8191b74d49ad2c87f9db8934fee7444e816ba5', 1, '1986-08-26 21:24:12'),
        ('46', 'rita09@example.com', 'a8ef6fd206ea676dc8fd20446d810f077d7e1b74', 0, '1986-09-18 02:42:56'),
        ('47', 'claire33@example.net', '06df61275b61f4da9c994f2c4af3fb02a81547ff', 0, '1973-01-11 00:47:23'),
        ('48', 'lawson.mcglynn@example.com', '68c7dad7e7d152235cf37f9b62b5af2fed1775cf', 0, '1999-12-25 11:42:56'),
        ('49', 'wgleason@example.net', 'e418ee5082b2ef12087e71b326e9cb242eafb637', 1, '1991-12-17 03:42:23'),
        ('50', 'gkirlin@example.net', '33657cdacdc9f91a8a12122a884436b1bf103fb0', 1, '2018-10-09 19:31:06'),
        ('51', 'ronaldo.zboncak@example.org', 'cd613c6dd5e7f8baed90725be228a7b187ed3264', 0, '2012-07-02 01:36:36'),
        ('52', 'monserrate.swift@example.net', '181fb020224fc715368fd333078fed3954a8ab69', 0, '2011-02-11 12:38:55'),
        ('53', 'leland.haley@example.net', 'dbbf85fb5e5e1472b35d6b6c137b2b571d5f1e9f', 1, '2008-04-14 20:44:31'),
        ('54', 'lucile73@example.com', 'c002cc14f5276ed4598e2fc12734b88a807e1a12', 1, '2003-09-18 19:00:34'),
        ('55', 'amonahan@example.net', 'b738ebe7cd1040fb638e6dd424fede7409f037e0', 0, '1988-07-29 12:54:24'),
        ('56', 'clovis57@example.net', '678b12d12d13b7af57b93a8e7662a1650bc06475', 1, '1985-09-23 08:06:37'),
        ('57', 'ziemann.roscoe@example.net', 'e52edf3900856dd6eb777d1ba0b3988ef2fc1391', 1, '2002-11-08 07:40:28'),
        ('58', 'zgislason@example.com', '4a6003c20af22334e3451590fdf6fdb1b360a363', 1, '1979-06-10 12:43:15'),
        ('59', 'conrad07@example.org', 'f2f931d8412f8290c4a74b370999982390f8bb30', 1, '1974-08-19 11:15:52'),
        ('60', 'uwolff@example.net', '57e7bfc476c7f2b4f5e28fe1e226dae7db6087e9', 1, '1975-12-22 18:05:53'),
        ('61', 'lehner.braden@example.com', 'cb3334bae0f69f97de2c709ef0af6ee24f6449b0', 1, '2011-11-05 02:24:02'),
        ('62', 'kaylin.bergnaum@example.com', 'd930f910059ef53d58b16c4396ab490cda62f405', 0, '2011-06-19 09:51:58'),
        ('63', 'uratke@example.org', 'f5991e2f811440bffc70bbfb7fe7a87d8d0d7f69', 1, '2007-08-16 04:49:57'),
        ('64', 'sheldon07@example.com', '426eaea8a07f9fc6a1fbbc150c77cb10377cf650', 0, '2010-06-23 14:34:57'),
        ('65', 'jullrich@example.com', '810be67ee44ebfcc7e3f37a131b1a6d5832d4dcd', 1, '1986-06-14 16:03:53'),
        ('66', 'gorczany.darren@example.net', 'ddc2f696951cab96759233e2d66a3d08f60d7ddc', 1, '1981-09-01 21:59:50'),
        ('67', 'rodriguez.miles@example.net', 'e43ac120085d651eb4e34ff92c3dde942b5189f5', 1, '1998-02-22 10:38:37'),
        ('68', 'humberto.ferry@example.net', 'efe8963fc575746bfb7423a827a4c8f5e92e249e', 1, '1975-06-04 01:28:29'),
        ('69', 'gregory56@example.com', '28f1e1397d3d0207c29abc1ce7a8a64b7cbdbc82', 0, '1993-03-14 10:24:22'),
        ('70', 'dheidenreich@example.net', '449b7e8d7db43f451386c8b0018f96b0b830342b', 1, '2012-03-26 23:15:06'),
        ('71', 'jmiller@example.com', '2e7d262878fe8be07f011f77eeef04cd0b6259df', 1, '1982-09-06 22:17:56'),
        ('72', 'edwin.olson@example.org', '9baa17282296800bfeb921e644f3acc0f4e0055e', 1, '1984-06-07 21:07:05'),
        ('73', 'charvey@example.com', '9cf31f8187038f6e9dc68bdf5da51ee2af2880d0', 0, '2008-12-14 11:39:22'),
        ('74', 'ovonrueden@example.net', 'ce6ba741c798cbcc931779f8e866924bfcc2126e', 1, '2001-11-18 01:14:01'),
        ('75', 'abshire.nathaniel@example.com', '1ec587766fc512163273c53191016d6ffe22bdf7', 0, '2010-04-08 14:41:11'),
        ('76', 'wromaguera@example.org', '0f50d7490d42f4b3af0701745418b548be5e7170', 1, '1996-12-02 01:27:05'),
        ('77', 'aharris@example.com', 'd0cb3d69ffbcaed986524d9827d0f289d95cf9a6', 1, '1972-06-18 06:06:13'),
        ('78', 'ymclaughlin@example.org', 'd21516ea00d441c975084b18de0e6bc17b82c7bd', 0, '1985-07-13 06:07:34'),
        ('79', 'nelson63@example.net', 'f73d303796be26c95e3b5019ac3616e08f0a94b7', 0, '1988-09-22 16:04:31'),
        ('80', 'alexa52@example.com', '31018d7a60d2f09ef9f3a3e42b035b7f05da4e65', 0, '2009-08-21 15:15:04'),
        ('81', 'mohamed.pagac@example.net', 'd689cf92642e401de335e9117e3a7616245b5928', 0, '2002-05-13 23:42:08'),
        ('82', 'kamren74@example.com', 'a66a71561dc422b822e6d2c7792f27fe35c4a29f', 0, '1977-11-12 03:37:25'),
        ('83', 'camilla.halvorson@example.net', '26d2accdf05e2c10521baa44f960371dc8841a7c', 1, '1973-12-11 14:17:26'),
        ('84', 'fpfeffer@example.net', 'c19bb970b0e761c417bbd95baf314a378ce7f6a0', 0, '1986-03-28 01:26:06'),
        ('85', 'rau.alexandro@example.net', '4940f27432977e1fea88637fd21095fa1c02334d', 1, '1975-12-16 18:57:38'),
        ('86', 'golden.schmidt@example.org', 'bea11216d98d0a3f452bc120fcb037ee3a2c3b68', 1, '1979-07-11 16:03:14'),
        ('87', 'lon52@example.com', '32c3fbe4f99d72afdce0cbc71660b44545617484', 0, '1989-10-14 00:06:18'),
        ('88', 'omurray@example.org', '0babe0ef2a7b6da8ea2ee753365b2d4224613fc5', 1, '1987-05-07 07:14:23'),
        ('89', 'dhartmann@example.com', '56bf03ad344f191bf8035e3ea33391221129a1a7', 1, '1987-12-25 01:44:43'),
        ('90', 'brianne.bartell@example.com', '24a93dd2193151433f22586e6ab426835190794d', 0, '1984-12-25 13:29:03'),
        ('91', 'sandra.hermiston@example.com', '662ca7d22882e45dfdef3b1255949d56529e1b53', 1, '2009-07-05 20:39:34'),
        ('92', 'cale.watsica@example.net', '46f434be78716402a3e59518aadd7beda023c42f', 0, '2017-07-22 12:19:41'),
        ('93', 'marco55@example.net', 'b1d893aa9c4f68f6b475142e0ef4752d6226a862', 1, '2000-08-16 22:42:42'),
        ('94', 'nmoen@example.org', 'bf793c584f216ab4f2e7014c4c2170c065401e10', 0, '1991-11-29 13:00:48'),
        ('95', 'sdach@example.org', 'd5301c3c12d5c01d1635f739d968041fcbe6ea99', 0, '1987-01-25 18:10:13'),
        ('96', 'qframi@example.org', '0643edbc55a78e9533c58b01e57f99226b220e2d', 1, '2006-08-02 19:08:22'),
        ('97', 'walter.marielle@example.com', 'f80629826e7bccda0a0cf6ea548a2c06673aff24', 0, '2006-03-10 05:56:55'),
        ('98', 'karlie58@example.org', '81a8656f0d99c20d4e70ceb30d341f330cf9c459', 1, '1975-01-10 00:40:19'),
        ('99', 'amcglynn@example.com', 'f346185cc9d0aa919b238260683b846a633012ec', 0, '1985-02-03 19:24:15'),
        ('100', 'chance36@example.com', '42165ba7824be6d7158a4ffd146e58439fd47f85', 1, '1978-10-31 08:37:34');


INSERT INTO `users_profiles` (`id`, `user_id`, `first_name`, `second_name`, `last_name`, `bio`, `phone`, `create_date`)
    VALUES
        ('1', '1', 'Una', 'aut', 'Hackett', 'Ut magnam consequatur sed dolor quo dicta. Unde id quo tempora ut deleniti. Dolores nulla sint harum ut.', '1-104-256-79', '2012-10-15 10:34:54'),
        ('2', '2', 'Romaine', 'ut', 'Hettinger', 'Sed molestiae odio earum libero aperiam. At consequatur repellat illo ut quam labore. Amet minima ea consectetur sed blanditiis quidem.', '(134)635-549', '2004-01-31 16:14:58'),
        ('3', '3', 'Abbigail', 'facilis', 'Cruickshank', 'Dolorum minus laborum ut est aut aut reprehenderit. Aliquam ab iure cum possimus maiores cum. Rerum est incidunt nulla dolorem nihil nemo magnam tenetur.', '432.299.1666', '1981-10-18 16:14:59'),
        ('4', '4', 'Birdie', 'odio', 'Mann', 'Sed fugiat quisquam a corrupti quia iure perspiciatis. Sed ut corporis iure numquam explicabo natus perspiciatis.', '1-264-933-83', '1987-05-14 08:27:17'),
        ('5', '5', 'Estel', 'omnis', 'Bauch', 'Ut impedit vero placeat sint sit. Officiis aut omnis id deserunt asperiores. Repudiandae iure laborum aut similique qui eius ut recusandae.', '274-287-6969', '2014-05-04 12:07:59'),
        ('6', '6', 'Kian', 'quia', 'Runte', 'Dolorem sapiente deserunt minus ut. Velit atque eligendi in quia ad quos. Soluta temporibus dolorem quasi. Quisquam consequuntur eaque amet animi omnis corporis.', '055.662.0504', '1999-09-07 00:22:34'),
        ('7', '7', 'Merle', 'explicabo', 'Cummings', 'Quia consequatur totam et veritatis quia perferendis dolore. Voluptatibus quas omnis voluptatem. Ullam reprehenderit inventore doloribus dolor sint.', '+96(4)450048', '1992-10-26 09:22:27'),
        ('8', '8', 'Beverly', 'iste', 'Keeling', 'Omnis culpa qui esse autem fuga fuga ipsa et. Consequatur omnis eum ipsum ut enim sint qui. Et delectus aut sit necessitatibus rerum aliquid.', '281-665-6422', '1971-03-15 06:52:26'),
        ('9', '9', 'Wallace', 'eaque', 'Veum', 'Est facilis tempora assumenda et et pariatur. Atque facilis aut eveniet non. Quo suscipit est magni quam qui aliquam ducimus.', '310-386-2067', '1981-09-14 01:03:21'),
        ('10', '10', 'Katelyn', 'quia', 'Medhurst', 'Nulla quia labore odio sed. Ut ut laudantium enim eos tempore commodi molestias. Maiores et quisquam molestiae sed placeat placeat.', '(078)345-916', '1990-01-26 16:51:13'),
        ('11', '11', 'Sean', 'distinctio', 'Dickens', 'Ipsum ea eligendi necessitatibus adipisci iusto. Sed officia molestias perferendis et numquam delectus aliquam fugit. Fuga tenetur veniam maiores.', '00265499682', '2006-10-26 21:16:59'),
        ('12', '12', 'Aric', 'libero', 'Stoltenberg', 'Nemo voluptates unde eaque. Amet harum sapiente pariatur porro. Est ab minima nam exercitationem et ut optio.', '763.242.9102', '1996-06-11 06:51:29'),
        ('13', '13', 'Chelsey', 'esse', 'Frami', 'Vel nulla nobis a. Quia aut velit ipsa optio eos qui. Exercitationem voluptatibus unde odio. Nisi aut maiores magni.', '144-280-5140', '1973-06-06 20:35:43'),
        ('14', '14', 'Freeda', 'nihil', 'Auer', 'Aliquid ut ex est omnis ut iure animi. Eos unde ut autem.\nLabore recusandae ex reiciendis culpa. Accusamus et ad aut exercitationem architecto. Cupiditate iusto nemo nostrum optio ipsam.', '251.341.8583', '1994-02-28 12:13:25'),
        ('15', '15', 'Kody', 'nobis', 'Von', 'Et omnis similique sunt consectetur ullam et est vero. In perspiciatis iure quis impedit doloribus molestiae. Omnis minus ut autem repellendus voluptas.', '(430)689-670', '1978-01-14 19:04:43'),
        ('16', '16', 'Ayla', 'autem', 'Johnson', 'Quas ipsam voluptates rerum quis perspiciatis nihil et. A sit maiores est et eligendi cumque numquam qui. Alias ut voluptas optio debitis reiciendis quia. Itaque sed qui porro sed dolor qui optio.', '+80(7)149233', '1982-03-19 14:45:00'),
        ('17', '17', 'Sandrine', 'ea', 'Morar', 'Quidem voluptatem quisquam facilis possimus ut ratione illo. Officia eos consequuntur minima minima magni. Quo voluptas enim atque qui.', '03052733775', '2013-11-08 22:51:06'),
        ('18', '18', 'Heaven', 'debitis', 'Ratke', 'Labore fugit qui fugit nihil nihil est consequatur. Sint vero vero distinctio nemo ipsum culpa. Quaerat ea voluptate non quidem quia suscipit. Sunt assumenda aut doloribus possimus.', '663-135-7687', '2003-05-15 20:33:21'),
        ('19', '19', 'Santos', 'eaque', 'Koepp', 'Ut omnis in ea qui at eum ipsam. Inventore iusto velit delectus blanditiis minus. Commodi deleniti aut aperiam quia. Vel id quia quia illum.', '061-170-2386', '1971-07-18 12:22:29'),
        ('20', '20', 'Hope', 'iure', 'Schoen', 'Tempora repellendus et amet alias. Consequatur id eius delectus sit tenetur. Aut veniam sed incidunt et aliquam officiis. Corrupti et adipisci non veritatis aspernatur quasi.', '1-395-032-91', '1973-05-26 03:47:36'),
        ('21', '21', 'Kaycee', 'aut', 'Hoppe', 'Aspernatur aut sit esse. Reprehenderit veniam consequatur quis quisquam voluptatem.', '905.514.2775', '1972-06-26 09:42:33'),
        ('22', '22', 'Pamela', 'eum', 'Price', 'Ipsa sunt corrupti quas quibusdam temporibus animi odit. Earum quam officiis fugiat voluptate accusantium. Et a eaque saepe rerum dolorum.', '196.433.7390', '1993-07-22 08:26:40'),
        ('23', '23', 'Vilma', 'sed', 'Berge', 'Velit totam quasi rem enim repudiandae. Reiciendis quo accusamus est aliquid. Aut ea omnis aliquid saepe iusto temporibus.', '01393128985', '1993-01-08 06:15:42'),
        ('24', '24', 'Rosella', 'aliquam', 'Brakus', 'Et ducimus rem quod et odio. Aperiam est debitis repudiandae debitis odio eius eos. Et odit quidem porro quia natus et. Occaecati ea non deleniti illo inventore.', '(366)090-638', '1979-11-09 09:03:57'),
        ('25', '25', 'Kailee', 'quia', 'Rowe', 'Odit itaque a sint ea laudantium. Commodi est doloremque libero corrupti pariatur aut accusamus. Voluptatem et iure asperiores magnam commodi non. Est veniam debitis aperiam incidunt sint.', '+33(7)872124', '1986-09-12 17:24:01'),
        ('26', '26', 'Kariane', 'enim', 'Bergnaum', 'Sunt beatae aperiam at autem mollitia nihil. Earum ratione consequuntur sed tempore dolorum. At officia corporis quo reiciendis atque sit ea excepturi.', '988.699.2379', '2016-11-19 16:34:24'),
        ('27', '27', 'Freida', 'praesentium', 'Durgan', 'Voluptatem quia ut debitis. Expedita velit sed quia eveniet et. Itaque distinctio autem illum. Sequi placeat dolorem qui amet delectus saepe.', '09111800889', '2013-10-29 23:35:30'),
        ('28', '28', 'Imogene', 'illo', 'Flatley', 'Sint similique voluptatem voluptate aspernatur expedita nulla consequatur. Laboriosam ducimus eligendi minima vitae. Iste maxime quis velit est voluptatum et.', '210-773-7039', '1978-08-07 03:50:35'),
        ('29', '29', 'Kennith', 'doloremque', 'Mohr', 'Dolor quod rerum et ut vitae odio. Voluptatem sequi ullam atque expedita. Rerum aut velit sed corrupti eos pariatur soluta.', '1-279-188-26', '1987-01-27 11:47:45'),
        ('30', '30', 'Eladio', 'qui', 'Stehr', 'Sequi nemo mollitia aut quaerat nulla at. Veritatis incidunt tempora optio eveniet dolorum expedita sunt. Sit est explicabo pariatur vel reiciendis nostrum perferendis qui.', '778.589.6461', '1995-02-23 00:43:13'),
        ('31', '31', 'Norberto', 'nostrum', 'Lehner', 'Officia excepturi explicabo velit non. Alias ea reprehenderit est non amet. Quo corporis molestiae odio dolore quo. Error consectetur et dolor error illo sint id.', '723-105-9136', '1975-01-13 03:58:26'),
        ('32', '32', 'Millie', 'temporibus', 'Turcotte', 'Nobis omnis et enim dolore aliquid et. Voluptas ab ad fuga quaerat consectetur. Laborum consequuntur similique possimus aut porro iure sed. Sed at fugit et dolor quo neque ut.', '1-844-134-57', '1997-02-16 13:12:34'),
        ('33', '33', 'Mafalda', 'eos', 'Windler', 'Qui illo nostrum et quo architecto excepturi. Hic nulla et suscipit laborum est. Minima pariatur praesentium veritatis et eaque omnis dolorem.', '120.807.9042', '2000-02-22 22:16:39'),
        ('34', '34', 'Roscoe', 'exercitationem', 'Christiansen', 'Culpa aspernatur ipsam sint facere et facilis repudiandae. Similique sit dolore quia accusantium. Vitae assumenda quis voluptas esse quod sed.', '513-258-6458', '1987-05-03 09:32:50'),
        ('35', '35', 'Billie', 'qui', 'Casper', 'Mollitia ad minima sapiente dolorem. Voluptatem velit illo commodi illo explicabo omnis dolorem et. Aut nulla iusto explicabo voluptas.', '+10(3)297468', '2018-11-10 15:17:46'),
        ('36', '36', 'Brendon', 'et', 'Mueller', 'Id ut eos corrupti. Facere consequatur repellendus ullam labore. Voluptatem nesciunt consectetur magnam quas. Optio sunt in assumenda animi.', '838-776-1082', '1987-12-14 16:41:55'),
        ('37', '37', 'Cletus', 'natus', 'Mayert', 'Maxime non rerum incidunt recusandae qui. Distinctio libero dolores ipsum quia aut et hic. Ex voluptas aut dicta quisquam molestias doloribus.', '800-594-5447', '1978-07-20 05:53:21'),
        ('38', '38', 'Viva', 'rerum', 'Yost', 'Ea non nisi sit ipsa sequi est voluptate. Sed facere recusandae esse eum et nulla et. Voluptas voluptas sit illum voluptas rerum. Voluptatem doloremque eius quaerat doloremque est omnis quae.', '438-547-0908', '1971-06-07 19:21:44'),
        ('39', '39', 'Nya', 'consequatur', 'Pouros', 'Est provident aut dignissimos sunt id rerum. Nisi ab quisquam deserunt est perspiciatis eligendi. Hic sed dolores velit est.', '938-321-2994', '2006-12-20 15:29:35'),
        ('40', '40', 'Elbert', 'adipisci', 'Rutherford', 'Et iusto saepe similique omnis molestiae minima. Architecto quia id et ullam. Ipsa quo quo hic id voluptas consequatur.', '+71(7)141465', '2007-11-24 12:36:25'),
        ('41', '41', 'Marcel', 'et', 'Klocko', 'Ducimus fugiat quasi consequatur sed quam fuga velit et. Earum praesentium sed dolor. A quia aut illo quas.', '+41(3)201213', '1995-12-09 15:55:38'),
        ('42', '42', 'Stefan', 'aut', 'Spencer', 'Laboriosam error rem debitis architecto animi aliquam. Sit et sit maxime pariatur cum consectetur atque. Libero earum sunt voluptatibus. Id in laborum culpa numquam saepe.', '+50(1)001000', '1997-12-04 08:39:22'),
        ('43', '43', 'Nola', 'officiis', 'Hodkiewicz', 'Similique dolor ullam nesciunt rerum et. Et est libero rerum vel numquam. Veritatis ut illum sapiente assumenda aut ut. Libero consequuntur est culpa necessitatibus voluptates.', '06194058653', '2002-03-08 11:46:10'),
        ('44', '44', 'Gideon', 'dolores', 'Cummerata', 'Et repudiandae et sit aut. Nemo accusamus corrupti est quisquam nisi qui aliquid. Repudiandae recusandae suscipit alias enim consectetur repellendus et.', '02691767094', '1988-07-24 16:45:57'),
        ('45', '45', 'Polly', 'in', 'Klein', 'Sit aspernatur explicabo cumque ut. Eius et sit accusamus molestiae. Enim et quidem quisquam aliquid unde. Maxime non itaque ab molestiae molestias.', '349.020.8470', '2013-03-13 00:29:29'),
        ('46', '46', 'Manuela', 'in', 'Mitchell', 'Consequatur saepe qui perferendis nisi tenetur neque. Possimus earum deleniti sequi enim. Quis odio dolor sequi earum. Nisi dolor expedita doloribus laborum consectetur similique.', '(610)046-627', '1993-04-03 05:05:46'),
        ('47', '47', 'Lori', 'officiis', 'Kub', 'Ullam autem nobis doloribus dolorem fugit. Nisi molestiae eum voluptatem nostrum voluptate doloribus et. Doloremque eum dolore nihil sed veritatis.', '(945)014-111', '2008-03-13 02:32:37'),
        ('48', '48', 'Trisha', 'nemo', 'Upton', 'Voluptatem ullam est cupiditate non ut temporibus. Facilis nam enim ut reiciendis. Quo doloremque sunt facilis laboriosam ut dolor. Ut dolorem iste nobis doloribus odio minima provident quia.', '07044678895', '1986-12-11 01:51:35'),
        ('49', '49', 'Arnaldo', 'voluptatibus', 'Pollich', 'Et optio consequatur eos sint quis qui. Nulla velit ea id atque soluta. Nemo ut sint reiciendis quisquam optio et quia laudantium. Autem ut laudantium voluptatibus deserunt.', '1-207-504-04', '1973-04-29 01:18:39'),
        ('50', '50', 'Eugenia', 'dolore', 'McDermott', 'Quia rerum aut officia iure. Vitae officiis explicabo fugit placeat sed necessitatibus mollitia harum. Aut unde quam doloribus odit placeat ea. Alias placeat error nihil enim ratione.', '08930084011', '2006-10-02 22:58:39'),
        ('51', '51', 'Julie', 'nihil', 'Steuber', 'Dolorem omnis repellendus assumenda velit provident. Mollitia in ab et omnis error vel. At et dolorem magnam ea minus excepturi.', '857.569.9988', '1982-12-17 10:40:22'),
        ('52', '52', 'Asia', 'libero', 'Kozey', 'Quod quam voluptas ut veritatis totam. Voluptatem rem a quasi quis in. Laboriosam reiciendis doloribus est ipsum. Blanditiis dolorum dicta aut recusandae.', '249.924.2790', '1989-01-12 03:45:14'),
        ('53', '53', 'Lenna', 'non', 'Bernhard', 'Earum a nulla omnis omnis facere qui. Occaecati reiciendis est id sint libero porro temporibus. Dolore beatae non maxime a. Ut quia quos quia id.', '996-796-4919', '1990-07-29 03:47:26'),
        ('54', '54', 'Willow', 'rerum', 'Bogisich', 'Optio voluptatem laudantium quia error nisi amet non. Harum sint esse excepturi pariatur iusto. Consectetur est tempora adipisci quo aperiam. Debitis voluptas autem dolorem sed mollitia nam.', '278.542.6660', '1990-01-05 15:40:03'),
        ('55', '55', 'Zachery', 'cum', 'Runolfsdottir', 'Reprehenderit ipsa laudantium et quia quia. Voluptatem quisquam pariatur vel sunt qui aperiam. Autem et et facilis.', '+22(0)802871', '1991-07-10 16:13:34'),
        ('56', '56', 'Zoey', 'repudiandae', 'Will', 'Tempore nihil voluptatem earum culpa modi numquam. Ipsa dolorem officiis sequi iste blanditiis repudiandae culpa.', '1-026-281-90', '2001-07-17 00:51:46'),
        ('57', '57', 'Rory', 'iure', 'Heathcote', 'Rerum neque est quis ut optio in. Perferendis similique rerum qui aperiam qui accusantium. Sit quia cum quos cumque optio. Et reiciendis voluptatem ut adipisci sint quae excepturi veniam.', '+59(6)910827', '1999-08-14 17:08:11'),
        ('58', '58', 'Alba', 'fugit', 'Corkery', 'Et quia quia et vero. Doloremque suscipit suscipit commodi consequuntur. Id sunt occaecati porro rerum.', '770-951-9309', '1989-09-08 10:42:55'),
        ('59', '59', 'Orville', 'voluptates', 'Schuppe', 'Tempora voluptatem odit libero et nesciunt ut sed. Est sequi et totam dolorem omnis ratione. Ut corrupti possimus pariatur est nemo iste quo.', '(507)209-703', '1986-08-08 07:45:19'),
        ('60', '60', 'Pierre', 'esse', 'Wyman', 'Numquam occaecati rerum voluptas et ad. Neque molestiae autem est voluptates vero magnam doloremque mollitia. Ad delectus sit nobis. Qui dolores beatae odio dignissimos molestias.', '514.877.4162', '1984-06-29 09:10:00'),
        ('61', '61', 'Jacques', 'aliquam', 'Huel', 'Saepe animi ipsa facere voluptate necessitatibus eligendi. Hic aut ea quos magnam. Sint repellat blanditiis nemo. Quam vero quis in et.', '549-378-8173', '1978-07-06 21:24:37'),
        ('62', '62', 'Shanna', 'voluptate', 'Fadel', 'Dolores molestiae molestias accusantium dolorem impedit sed. Velit nihil vel adipisci laborum culpa. Illo velit laboriosam quia minus ut alias sit.', '039.044.1904', '1973-09-04 08:40:30'),
        ('63', '63', 'Janis', 'veniam', 'Zulauf', 'Rerum ut alias fugiat. Excepturi et omnis aut. Velit pariatur minus dolorem. Facere eos ut delectus et hic.', '172.026.1851', '1981-08-15 19:22:20'),
        ('64', '64', 'Rebeca', 'labore', 'Sporer', 'Distinctio sed impedit aut fuga non animi. Officiis ut illo tenetur hic.\nTotam quis blanditiis voluptate aliquid sequi ab. Et facere non quasi ipsum voluptas quasi voluptatum.', '1-010-401-01', '1991-09-01 19:39:30'),
        ('65', '65', 'Damian', 'ratione', 'Boyle', 'Quisquam error ratione blanditiis exercitationem voluptatem perferendis. Provident laboriosam ut occaecati nam consequatur sit autem.', '(568)943-005', '2010-02-15 23:47:44'),
        ('66', '66', 'Ryleigh', 'mollitia', 'Stanton', 'Modi quo amet fugiat rerum sit minima. Animi eum libero quam a facere.\nUt quasi qui magnam eaque. Consequatur illo in dignissimos blanditiis. Consequatur mollitia molestias omnis quia deleniti.', '162-551-2358', '2007-07-20 04:13:09'),
        ('67', '67', 'Abner', 'consequuntur', 'Jacobs', 'Sint fugiat impedit autem sit sit facilis ullam. Laborum minus dolor dolor dolorem dolorum error temporibus. Corporis eum in sit recusandae neque deleniti. Voluptate velit odio nostrum quaerat neque.', '1-805-636-67', '1995-03-20 19:44:02'),
        ('68', '68', 'Lucie', 'itaque', 'Rohan', 'Ut consequatur rem provident sit dolorum ad earum. Corrupti esse velit delectus unde rem. Dolores et rerum deleniti cumque veritatis voluptas quis et. Rerum ea temporibus et expedita sint enim fugit.', '(380)934-192', '2003-07-14 07:17:53'),
        ('69', '69', 'Angie', 'eaque', 'Walker', 'Illum ipsum porro nulla natus molestias rerum. Et sapiente est dolorem vel esse et nemo. Atque et aut rem unde repellat dolor.', '440.976.0667', '2016-04-24 10:47:24'),
        ('70', '70', 'Jaime', 'unde', 'Littel', 'Modi inventore nihil cum quas dolores. Similique mollitia nihil molestias. Soluta architecto nisi sapiente enim magni consequuntur animi. Eum debitis dolor aut reprehenderit.', '150.814.4405', '1999-08-12 11:48:31'),
        ('71', '71', 'Herbert', 'dolores', 'Kohler', 'Nulla aperiam qui mollitia error incidunt id iusto quia. Sed exercitationem facilis iste deserunt nulla exercitationem est. In quaerat dolor ex nesciunt. Omnis eum et harum nihil asperiores aperiam.', '521-599-1715', '2015-08-29 22:05:58'),
        ('72', '72', 'Gregorio', 'architecto', 'Walter', 'Nam ipsa voluptatem enim quia consequuntur aliquam consectetur accusantium. Quisquam esse fugiat dolorem. Deleniti voluptas et neque quia consequatur sit quibusdam eligendi.', '602-346-5182', '2005-08-16 20:09:46'),
        ('73', '73', 'Ernesto', 'libero', 'Ebert', 'Omnis nobis exercitationem et dolor vel et. Doloremque at deleniti perferendis rem.\nNatus consectetur numquam id sed. Autem facere qui rem laboriosam. Nihil nulla enim quia laudantium omnis.', '+15(0)512265', '2002-06-18 10:08:16'),
        ('74', '74', 'Sean', 'debitis', 'Robel', 'Doloremque facilis aut vel quia nam et. Ad ea quis doloribus velit sed neque. Incidunt iure placeat autem.', '07298797803', '1998-03-27 07:36:54'),
        ('75', '75', 'Shea', 'nulla', 'McDermott', 'Veniam aut dolores delectus molestiae minima. Nobis voluptas blanditiis neque accusamus minima consequatur dolore. Possimus labore delectus provident rem velit distinctio dicta.', '868.875.6827', '1992-10-04 16:38:22'),
        ('76', '76', 'Eliezer', 'et', 'Marks', 'Quia saepe qui ratione animi beatae qui aspernatur. Doloremque beatae ut libero inventore in.', '396.741.5279', '2016-10-14 02:16:33'),
        ('77', '77', 'Leanne', 'quod', 'Barrows', 'Unde rerum sed commodi. Voluptatem eveniet ut perferendis eos sed repellendus. Non aut delectus distinctio et. Nihil expedita quisquam officiis dolor nihil ut maiores.', '(229)570-230', '2003-12-26 05:29:52'),
        ('78', '78', 'Trent', 'officiis', 'Hackett', 'Illo exercitationem architecto dolor. Nesciunt occaecati est et sit tenetur. Omnis vel et incidunt voluptates doloribus nihil dolore corrupti. Unde laudantium recusandae aliquid.', '1-961-917-26', '1977-02-17 18:33:33'),
        ('79', '79', 'Elenora', 'tenetur', 'McLaughlin', 'Vel id minus dolores quasi temporibus doloribus. Rerum unde officia itaque perspiciatis doloremque adipisci. Vitae hic maxime vitae doloribus.', '(283)493-295', '2007-03-24 18:49:50'),
        ('80', '80', 'Coralie', 'distinctio', 'Gislason', 'Et ad voluptate dignissimos veritatis sed sequi. Repellat voluptatum dolor voluptatibus accusantium et iste. Et est et quisquam modi.', '1-910-384-14', '1996-03-31 20:01:25'),
        ('81', '81', 'Amy', 'eos', 'Schmidt', 'Aliquam amet reprehenderit dolore eum eligendi. Voluptas voluptatem voluptas qui deleniti. Quia delectus unde voluptatem. Eligendi reiciendis corrupti est nisi iusto.', '1-727-391-52', '1977-11-23 01:14:01'),
        ('82', '82', 'Claude', 'quis', 'Koelpin', 'Provident aut voluptatem repellendus consectetur quasi. Blanditiis asperiores consequatur explicabo quam fugiat. Ea corrupti sunt quas vitae.', '+31(8)647523', '2018-08-06 22:08:30'),
        ('83', '83', 'Judge', 'dolore', 'Kuhlman', 'Ad adipisci iusto ut ut. Sit voluptatem animi ea omnis numquam. Mollitia ducimus eligendi accusantium quia.', '1-526-776-63', '1980-10-15 04:13:09'),
        ('84', '84', 'Claud', 'consequuntur', 'Hauck', 'Blanditiis dolor consequatur ullam. Repellendus autem reprehenderit quo non. Animi velit animi earum dolores provident ea eveniet.', '500.840.5504', '1996-12-19 19:26:54'),
        ('85', '85', 'Alf', 'aut', 'Herman', 'Quibusdam eum repudiandae ex inventore. Fugiat ipsum quia voluptates inventore ex nisi et molestiae. Nihil culpa deleniti praesentium quisquam ut sapiente omnis dignissimos.', '056.887.0425', '1989-01-16 14:40:37'),
        ('86', '86', 'Autumn', 'perspiciatis', 'Medhurst', 'Omnis aperiam consequuntur ad est aperiam at. Est deleniti non pariatur ipsa. Neque impedit sit eum qui et. Qui dolore ad quod dolorem iste culpa consequatur.', '(874)662-685', '1973-05-19 10:47:13'),
        ('87', '87', 'Caleb', 'odio', 'Leffler', 'Voluptatem tenetur quaerat explicabo doloribus sit ab. Possimus quas ut veritatis perferendis. Enim quia dolorum occaecati et.\nDicta omnis vel dolorem. Inventore doloremque voluptas vel quia modi.', '869.325.3633', '1978-05-04 13:20:26'),
        ('88', '88', 'Avis', 'vel', 'Torphy', 'Ad quasi omnis aliquam accusamus harum cumque quod quibusdam. Non excepturi labore voluptatem ex nemo. Est rerum animi rem eveniet corporis et. Dolorem modi eligendi sint impedit.', '313.291.2024', '2001-06-24 06:22:36'),
        ('89', '89', 'Shanon', 'ad', 'Hackett', 'Quisquam ut soluta dolores pariatur. In eos adipisci expedita pariatur consequatur. Labore odio excepturi ut laudantium ut ullam placeat. Reiciendis odit dolores magni facilis.', '367.461.1375', '1990-02-23 20:46:16'),
        ('90', '90', 'Dudley', 'sunt', 'Ankunding', 'Voluptate reprehenderit sit omnis. Fuga nihil dicta eum impedit numquam et eveniet. Fugiat voluptatem nemo saepe quam velit quaerat itaque. Totam perspiciatis deserunt esse illo.', '1-499-173-63', '2008-10-25 17:36:37'),
        ('91', '91', 'Kitty', 'ut', 'Parker', 'Sed ut aut deleniti ut. Quia quis maiores deleniti. Est mollitia blanditiis modi distinctio nam.', '(362)454-350', '2006-09-10 18:34:31'),
        ('92', '92', 'Grace', 'et', 'Lemke', 'Quod omnis repellendus voluptates ipsa. Eaque iure eveniet sed asperiores voluptatem. Voluptate harum nihil quia similique hic ratione dicta. Autem tempore ipsam sed velit voluptates quia ipsa.', '(709)045-981', '2012-06-03 21:12:00'),
        ('93', '93', 'Estefania', 'aliquid', 'Mayer', 'Quasi nulla at totam placeat. Odit dolorem magni eligendi dignissimos reiciendis at. Ab et eaque aliquam nihil.', '1-223-492-63', '1982-11-19 23:27:33'),
        ('94', '94', 'Krystina', 'architecto', 'Bins', 'Vel natus ex eos et. Ea neque excepturi amet ab qui. Enim rerum eaque et blanditiis eos nulla aut.', '+53(6)544616', '1972-07-09 08:33:38'),
        ('95', '95', 'Ellis', 'unde', 'Collier', 'Nemo minima eum velit voluptatem ut aut. Iure quos voluptatem id dolore molestiae quis. Quisquam nobis consequatur labore sunt recusandae eos.', '1-412-290-72', '1988-12-28 16:22:14'),
        ('96', '96', 'Bradly', 'nemo', 'Schamberger', 'Et laboriosam consequatur culpa sit veritatis officia. Ab officia mollitia asperiores est et cumque.', '591-567-9585', '2009-02-10 08:22:36'),
        ('97', '97', 'Alexandra', 'voluptas', 'Crona', 'Necessitatibus voluptate omnis ipsum pariatur beatae. Illum autem itaque eaque aut quibusdam reprehenderit nam. Voluptas officia explicabo est aut.', '04179485680', '1999-08-31 10:49:41'),
        ('98', '98', 'Aurore', 'qui', 'Durgan', 'Laboriosam sit suscipit dolores qui ipsum quia. Atque distinctio saepe blanditiis inventore placeat dolores. Sed cumque et ut earum voluptas eos deserunt.', '976.092.0868', '2007-04-02 06:28:55'),
        ('99', '99', 'Maynard', 'aut', 'Johns', 'Eos iste perspiciatis eius maiores officiis magni repudiandae. Amet vel velit voluptatem. Explicabo accusantium consequatur est ratione illum amet. Aut assumenda corporis sequi assumenda.', '1-740-178-09', '2003-10-21 08:48:49'),
        ('100', '100', 'Joanny', 'totam', 'Yost', 'Qui sed molestias et quia. Repellat minus id sunt suscipit aut iste repudiandae suscipit. Autem autem magni voluptatibus.\nEos molestias quia nemo. Voluptates nihil vel aut et illo voluptatem.', '1-580-538-06', '1991-01-03 23:40:01');

INSERT INTO `actions` (`id`, `action_name`, `is_deleted`, `create_date`)
    VALUES ('1', 'est', 1, '2013-04-07 01:54:46'),
        ('2', 'sint', 0, '1994-07-13 19:05:50'),
        ('3', 'in', 0, '2005-04-22 23:59:26'),
        ('4', 'consequatur', 0, '1987-05-26 07:55:14'),
        ('5', 'ratione', 0, '1972-09-03 05:33:05'),
        ('6', 'nostrum', 1, '1988-05-18 22:47:11'),
        ('7', 'fugiat', 1, '1976-03-29 19:38:24'),
        ('8', 'quidem', 0, '1987-03-31 09:58:17'),
        ('9', 'doloribus', 0, '2013-01-09 07:22:58'),
        ('10', 'laborum', 1, '2010-09-02 22:23:58'),
        ('11', 'qui', 1, '1973-01-05 21:32:13'),
        ('12', 'sed', 1, '2017-07-25 16:17:48'),
        ('13', 'doloremque', 1, '1998-09-05 13:52:03'),
        ('14', 'suscipit', 0, '1972-08-05 18:39:25'),
        ('15', 'nam', 0, '2017-05-07 20:36:36'),
        ('16', 'aspernatur', 0, '1988-08-29 16:57:28'),
        ('17', 'sit', 1, '1985-07-03 02:25:13'),
        ('18', 'voluptatum', 0, '1976-05-12 15:43:54'),
        ('19', 'tempore', 1, '1970-09-01 19:33:45'),
        ('20', 'et', 1, '1991-04-21 07:21:54'),
        ('21', 'aut', 1, '2000-01-10 18:22:09'),
        ('22', 'eum', 1, '1999-09-01 00:02:33'),
        ('23', 'modi', 0, '2012-11-10 01:24:53'),
        ('24', 'cumque', 1, '2015-02-09 18:17:38'),
        ('25', 'voluptatem', 1, '2007-07-04 12:01:50'),
        ('26', 'repudiandae', 1, '1993-09-26 07:45:01'),
        ('27', 'quisquam', 0, '2010-10-08 20:16:33'),
        ('28', 'culpa', 1, '2010-08-13 08:46:57'),
        ('29', 'maxime', 1, '2003-11-17 07:40:05'),
        ('30', 'vero', 0, '2017-08-20 07:01:43'),
        ('31', 'possimus', 0, '2014-12-17 20:59:33'),
        ('32', 'quos', 1, '2015-10-26 21:05:58'),
        ('33', 'non', 0, '1979-12-05 21:08:32'),
        ('34', 'sunt', 0, '1990-05-04 14:21:52'),
        ('35', 'consequuntur', 0, '1970-09-03 08:49:39'),
        ('36', 'tenetur', 0, '1993-04-28 02:22:32'),
        ('37', 'mollitia', 0, '1999-02-24 06:39:37'),
        ('38', 'facere', 0, '2011-03-17 20:05:39'),
        ('39', 'dolor', 0, '1981-06-10 11:21:03'),
        ('40', 'incidunt', 0, '1983-12-06 04:35:23'),
        ('41', 'omnis', 1, '1979-09-20 23:41:49'),
        ('42', 'quo', 0, '2014-04-15 08:51:00'),
        ('43', 'sequi', 0, '2018-11-28 15:42:23'),
        ('44', 'rerum', 1, '1970-03-20 15:17:24'),
        ('45', 'soluta', 1, '2009-01-29 20:12:00'),
        ('46', 'amet', 1, '1987-02-05 12:59:38'),
        ('47', 'repellendus', 0, '1976-01-19 14:15:01'),
        ('48', 'commodi', 0, '2002-06-30 04:50:57'),
        ('49', 'inventore', 1, '2012-09-11 07:06:12'),
        ('50', 'esse', 0, '2018-07-29 18:55:23'),
        ('51', 'quia', 0, '1983-09-22 20:42:17'),
        ('52', 'iure', 0, '1971-11-08 12:27:13'),
        ('53', 'praesentium', 0, '1974-01-01 20:56:02'),
        ('54', 'iste', 0, '1994-11-13 14:42:06'),
        ('55', 'alias', 1, '1990-01-14 17:45:29'),
        ('56', 'consectetur', 0, '1995-03-07 12:29:36'),
        ('57', 'autem', 1, '1993-03-11 06:44:05'),
        ('58', 'expedita', 0, '1987-12-09 00:27:47'),
        ('59', 'ut', 0, '1990-09-17 10:31:54'),
        ('60', 'quae', 1, '1971-06-28 18:56:30'),
        ('61', 'animi', 1, '2010-10-26 10:46:14'),
        ('62', 'distinctio', 1, '2013-02-14 02:05:17'),
        ('63', 'ab', 1, '1996-03-23 16:03:24'),
        ('64', 'eos', 1, '1995-02-09 10:06:01'),
        ('65', 'veritatis', 1, '1991-01-07 06:12:01'),
        ('66', 'blanditiis', 0, '1981-08-20 06:34:38'),
        ('67', 'architecto', 1, '1984-12-17 02:56:07'),
        ('68', 'earum', 0, '1987-09-12 11:12:47'),
        ('69', 'ex', 1, '1981-12-09 10:38:45'),
        ('70', 'voluptas', 0, '2005-08-29 09:04:47'),
        ('71', 'harum', 0, '1993-12-01 03:46:41'),
        ('72', 'perferendis', 1, '2017-05-19 16:33:13'),
        ('73', 'at', 0, '1991-01-29 03:47:53'),
        ('74', 'accusamus', 1, '1973-12-24 01:26:28'),
        ('75', 'eius', 1, '2000-05-24 14:43:00'),
        ('76', 'occaecati', 1, '1993-03-07 22:56:57'),
        ('77', 'officiis', 1, '1986-02-06 05:53:38'),
        ('78', 'rem', 1, '1988-01-12 03:56:26'),
        ('79', 'excepturi', 0, '2013-01-15 03:23:49'),
        ('80', 'delectus', 0, '2012-12-14 14:51:59'),
        ('81', 'minus', 1, '1992-02-07 12:05:23'),
        ('82', 'porro', 1, '1990-08-07 15:34:11'),
        ('83', 'dolorem', 1, '2010-06-27 11:01:03'),
        ('84', 'natus', 1, '1972-03-20 07:58:33'),
        ('85', 'ipsam', 1, '2003-08-06 07:05:42'),
        ('86', 'ea', 0, '1991-07-13 20:42:28'),
        ('87', 'eaque', 0, '2005-03-24 12:34:13'),
        ('88', 'facilis', 0, '1989-04-17 21:09:39'),
        ('89', 'quam', 1, '1980-01-11 17:56:30'),
        ('90', 'corrupti', 1, '1999-09-20 20:07:54'),
        ('91', 'ipsum', 1, '1998-11-12 14:28:45'),
        ('92', 'necessitatibus', 1, '1989-07-28 15:12:38'),
        ('93', 'a', 0, '1997-11-26 10:16:23'),
        ('94', 'sapiente', 1, '2005-08-17 10:17:26'),
        ('95', 'ad', 0, '1972-08-07 05:35:04'),
        ('96', 'debitis', 1, '1987-10-03 04:42:58'),
        ('97', 'ullam', 0, '1978-08-26 07:07:44'),
        ('98', 'cum', 1, '1971-09-15 19:07:58'),
        ('99', 'unde', 1, '2012-01-05 08:35:43'),
        ('100', 'dolores', 0, '2003-08-14 12:43:33');

INSERT INTO `age_groups` (`id`, `name`, `min_age`, `max_age`, `is_deleted`, `create_date`)
    VALUES
        ('1', 'nesciunt', 598792549, 141251, 1, '1983-12-27 04:19:01'),
        ('2', 'voluptatibus', 44991687, 63902, 0, '2015-03-20 10:47:58'),
        ('3', 'et', 9, 93937904, 0, '2017-01-12 17:43:10'),
        ('4', 'omnis', 81474493, 983015801, 1, '2005-09-21 01:57:40'),
        ('5', 'facilis', 442, 0, 0, '1973-09-26 23:17:42'),
        ('6', 'optio', 92182, 0, 0, '1990-02-13 09:13:29'),
        ('7', 'quidem', 9, 786766, 1, '2010-12-09 03:02:10'),
        ('8', 'et', 25, 216809816, 0, '1992-09-10 13:50:49'),
        ('9', 'non', 7489, 59629057, 1, '1975-11-20 06:16:41'),
        ('10', 'mollitia', 0, 546222648, 1, '1971-01-25 12:38:44'),
        ('11', 'voluptate', 903681, 89, 1, '1978-07-06 17:15:06'),
        ('12', 'doloremque', 86073057, 88748, 1, '1989-05-10 08:20:37'),
        ('13', 'ad', 9035970, 17747402, 0, '1989-04-25 21:31:33'),
        ('14', 'perspiciatis', 9222, 28, 0, '1974-08-24 03:08:17'),
        ('15', 'cupiditate', 35, 549504556, 0, '1978-08-15 01:19:12'),
        ('16', 'et', 3436, 71964760, 1, '2017-07-07 18:50:30'),
        ('17', 'officiis', 733448, 345067549, 1, '1990-01-24 10:41:53'),
        ('18', 'tempora', 5564, 97988860, 1, '1993-02-14 01:52:41'),
        ('19', 'qui', 33, 975372355, 1, '2016-10-21 03:52:11'),
        ('20', 'ex', 0, 947639425, 0, '2012-03-31 12:41:54'),
        ('21', 'enim', 3258, 24626, 0, '1995-11-19 19:09:19'),
        ('22', 'dolores', 257, 829765, 0, '1999-05-14 01:32:51'),
        ('23', 'est', 92, 73088942, 1, '1970-01-07 21:38:00'),
        ('24', 'itaque', 5, 9206, 0, '1988-04-15 08:52:41'),
        ('25', 'ut', 99428, 15985, 0, '1973-08-13 00:55:36'),
        ('26', 'quasi', 25948417, 911410, 1, '2016-10-23 23:27:17'),
        ('27', 'aperiam', 101949270, 10410, 1, '2018-12-16 14:38:51'),
        ('28', 'et', 2473, 4840017, 0, '1979-08-04 04:52:26'),
        ('29', 'labore', 862, 684, 0, '2005-06-29 10:23:23'),
        ('30', 'praesentium', 4, 6910364, 1, '1975-02-05 19:59:53'),
        ('31', 'quibusdam', 6184, 592136, 1, '2003-10-19 04:19:52'),
        ('32', 'nisi', 2184794, 0, 0, '2001-11-22 22:09:41'),
        ('33', 'ea', 626525, 47901341, 0, '1978-01-30 19:40:18'),
        ('34', 'alias', 1, 3130860, 1, '1994-10-17 09:09:57'),
        ('35', 'earum', 73880, 0, 0, '1986-01-14 03:07:15'),
        ('36', 'cum', 98440572, 0, 1, '2004-01-25 02:04:18'),
        ('37', 'repudiandae', 8826577, 983, 1, '2013-07-30 16:54:49'),
        ('38', 'voluptas', 409052, 4, 0, '2012-09-24 19:46:09'),
        ('39', 'ipsum', 0, 90, 1, '2004-07-03 20:01:21'),
        ('40', 'officia', 812839, 1612, 1, '2015-08-31 06:05:29'),
        ('41', 'aut', 54296, 99612, 1, '1981-07-16 05:53:23'),
        ('42', 'mollitia', 316598, 0, 0, '1988-02-02 17:22:57'),
        ('43', 'perferendis', 53817025, 7450791, 0, '2001-12-08 12:42:30'),
        ('44', 'repellendus', 45092548, 627855, 1, '2004-09-05 07:52:34'),
        ('45', 'occaecati', 27989254, 2780, 0, '2017-09-27 22:37:11'),
        ('46', 'voluptatem', 167574, 32030, 1, '1994-08-19 08:47:29'),
        ('47', 'fugiat', 126, 54984002, 1, '1987-10-21 20:17:50'),
        ('48', 'laudantium', 294702, 21710102, 0, '2018-03-12 15:12:12'),
        ('49', 'voluptas', 651, 692, 1, '1978-07-23 08:45:45'),
        ('50', 'et', 5682758, 92103, 1, '1996-11-21 17:57:17'),
        ('51', 'fugiat', 54, 961555083, 0, '2001-03-02 18:00:56'),
        ('52', 'repudiandae', 0, 93562, 0, '2011-09-04 19:05:29'),
        ('53', 'illum', 0, 43029912, 1, '1994-03-09 15:53:56'),
        ('54', 'architecto', 689095499, 0, 0, '2016-11-18 20:51:40'),
        ('55', 'ut', 661636, 7246, 0, '1998-06-24 06:38:32'),
        ('56', 'qui', 94316019, 581578, 1, '1982-05-10 22:31:11'),
        ('57', 'aspernatur', 0, 11357, 1, '2007-07-29 18:23:53'),
        ('58', 'possimus', 15830266, 0, 1, '1977-09-03 18:21:25'),
        ('59', 'quis', 902643, 15090719, 0, '1998-06-06 16:55:24'),
        ('60', 'maiores', 263710367, 65, 1, '2009-09-13 07:35:14'),
        ('61', 'ea', 0, 3, 1, '2010-10-13 17:15:46'),
        ('62', 'nostrum', 1796501, 215460670, 0, '1980-06-01 16:53:20'),
        ('63', 'rerum', 207723536, 730, 0, '1982-09-02 14:58:52'),
        ('64', 'nihil', 25, 722340658, 0, '2003-03-29 14:26:29'),
        ('65', 'et', 0, 1972, 0, '2010-09-12 15:52:45'),
        ('66', 'corrupti', 0, 759210885, 0, '1997-03-05 23:12:46'),
        ('67', 'sed', 60635, 17263, 0, '2003-11-15 16:22:41'),
        ('68', 'quae', 5478, 67561050, 0, '2012-07-04 01:29:52'),
        ('69', 'non', 707950, 6312, 1, '2012-07-21 04:06:00'),
        ('70', 'dicta', 465828511, 6835, 1, '1996-09-20 15:29:39'),
        ('71', 'repellat', 7, 4032, 0, '1974-07-02 22:43:36'),
        ('72', 'et', 0, 40115202, 1, '1974-03-03 06:43:25'),
        ('73', 'omnis', 82487, 91, 1, '1991-04-08 17:25:47'),
        ('74', 'aut', 51302860, 61, 1, '1990-02-20 10:09:03'),
        ('75', 'fugiat', 984424, 170923525, 0, '1995-12-18 23:34:03'),
        ('76', 'rem', 29304, 32863, 0, '1997-01-15 20:41:49'),
        ('77', 'qui', 6634, 5022, 0, '2013-02-11 21:36:03'),
        ('78', 'et', 900025, 26925, 0, '1986-11-23 05:36:38'),
        ('79', 'et', 2416, 1310, 1, '1993-05-14 03:10:41'),
        ('80', 'amet', 64121061, 171, 1, '1995-07-24 18:34:48'),
        ('81', 'accusamus', 3036, 2, 0, '2010-06-13 18:43:48'),
        ('82', 'distinctio', 693272, 468658, 0, '1981-08-04 08:27:24'),
        ('83', 'quia', 240, 760917, 1, '1973-04-20 00:27:55'),
        ('84', 'dolor', 4191, 0, 1, '2000-06-25 14:28:50'),
        ('85', 'quod', 858, 686184, 1, '1970-10-31 14:20:59'),
        ('86', 'numquam', 80, 740337, 0, '1970-06-05 02:07:25'),
        ('87', 'non', 640, 7, 1, '2004-06-17 23:00:39'),
        ('88', 'sit', 16, 0, 1, '2019-05-23 14:12:56'),
        ('89', 'at', 18, 61304194, 0, '2013-12-24 19:56:17'),
        ('90', 'odit', 2290096, 65, 1, '2018-04-18 22:00:58'),
        ('91', 'voluptate', 97685435, 269901613, 0, '2008-10-17 01:51:11'),
        ('92', 'beatae', 879, 492, 0, '1996-04-29 10:28:11'),
        ('93', 'reiciendis', 81313853, 387, 1, '2007-07-13 03:00:34'),
        ('94', 'aut', 37196141, 116, 1, '2013-10-28 20:40:22'),
        ('95', 'quia', 5, 235317942, 1, '2017-02-26 13:00:21'),
        ('96', 'quo', 1031, 950186614, 0, '1986-10-29 06:41:50'),
        ('97', 'atque', 61122882, 285, 0, '1983-05-27 08:36:42'),
        ('98', 'ut', 570, 8406, 1, '1971-08-31 00:24:53'),
        ('99', 'est', 0, 0, 0, '1992-06-27 02:18:24'),
        ('100', 'ducimus', 0, 7008279, 0, '2001-10-28 08:45:33');

INSERT INTO `brands` (`id`, `name`, `logo`, `is_deleted`, `create_date`)
    VALUES
        ('1', 'qui', 'http://lorempixel.com/640/480/', 1, '1980-08-28 09:27:17'),
        ('2', 'rerum', 'http://lorempixel.com/640/480/', 1, '1980-04-07 05:35:13'),
        ('3', 'nemo', 'http://lorempixel.com/640/480/', 0, '1983-06-06 22:19:58'),
        ('4', 'pariatur', 'http://lorempixel.com/640/480/', 1, '1992-10-03 10:39:57'),
        ('5', 'tempora', 'http://lorempixel.com/640/480/', 0, '2005-05-16 04:16:51'),
        ('6', 'harum', 'http://lorempixel.com/640/480/', 0, '1994-12-01 06:57:09'),
        ('7', 'aut', 'http://lorempixel.com/640/480/', 1, '1996-10-31 05:28:14'),
        ('8', 'voluptatem', 'http://lorempixel.com/640/480/', 1, '2014-05-15 08:31:37'),
        ('9', 'beatae', 'http://lorempixel.com/640/480/', 1, '2017-05-10 11:34:09'),
        ('10', 'est', 'http://lorempixel.com/640/480/', 0, '1974-01-10 03:42:07'),
        ('11', 'nihil', 'http://lorempixel.com/640/480/', 0, '2006-03-06 10:17:37'),
        ('12', 'est', 'http://lorempixel.com/640/480/', 0, '2004-02-19 04:48:49'),
        ('13', 'aut', 'http://lorempixel.com/640/480/', 1, '2013-09-21 18:10:25'),
        ('14', 'in', 'http://lorempixel.com/640/480/', 1, '1989-01-21 20:58:08'),
        ('15', 'fugit', 'http://lorempixel.com/640/480/', 1, '1973-05-04 17:01:57'),
        ('16', 'maiores', 'http://lorempixel.com/640/480/', 1, '1985-02-19 05:56:59'),
        ('17', 'ut', 'http://lorempixel.com/640/480/', 0, '1996-03-14 16:21:01'),
        ('18', 'eveniet', 'http://lorempixel.com/640/480/', 1, '1997-12-19 01:20:02'),
        ('19', 'culpa', 'http://lorempixel.com/640/480/', 0, '2009-09-03 15:34:49'),
        ('20', 'recusandae', 'http://lorempixel.com/640/480/', 1, '1995-02-03 08:18:30'),
        ('21', 'quam', 'http://lorempixel.com/640/480/', 1, '1982-01-22 20:44:39'),
        ('22', 'dolor', 'http://lorempixel.com/640/480/', 0, '1996-07-14 23:19:06'),
        ('23', 'ut', 'http://lorempixel.com/640/480/', 1, '1986-07-19 09:15:01'),
        ('24', 'aspernatur', 'http://lorempixel.com/640/480/', 1, '2018-11-12 23:28:40'),
        ('25', 'temporibus', 'http://lorempixel.com/640/480/', 0, '1970-07-14 19:59:49'),
        ('26', 'accusantium', 'http://lorempixel.com/640/480/', 1, '2013-06-20 12:36:21'),
        ('27', 'fugit', 'http://lorempixel.com/640/480/', 1, '1993-12-29 17:06:38'),
        ('28', 'quae', 'http://lorempixel.com/640/480/', 1, '1981-11-16 07:27:12'),
        ('29', 'laboriosam', 'http://lorempixel.com/640/480/', 1, '2016-08-13 08:02:06'),
        ('30', 'vel', 'http://lorempixel.com/640/480/', 0, '1988-06-07 16:52:01'),
        ('31', 'et', 'http://lorempixel.com/640/480/', 0, '1985-08-24 00:30:56'),
        ('32', 'culpa', 'http://lorempixel.com/640/480/', 1, '1993-12-05 01:21:22'),
        ('33', 'praesentium', 'http://lorempixel.com/640/480/', 0, '1989-08-05 14:37:12'),
        ('34', 'in', 'http://lorempixel.com/640/480/', 0, '1997-05-06 11:32:44'),
        ('35', 'quo', 'http://lorempixel.com/640/480/', 0, '1978-08-19 04:22:22'),
        ('36', 'iste', 'http://lorempixel.com/640/480/', 0, '2009-09-02 02:21:07'),
        ('37', 'et', 'http://lorempixel.com/640/480/', 1, '1971-02-09 21:45:33'),
        ('38', 'sint', 'http://lorempixel.com/640/480/', 1, '1988-01-14 21:49:22'),
        ('39', 'voluptas', 'http://lorempixel.com/640/480/', 1, '1997-04-06 09:22:38'),
        ('40', 'dolores', 'http://lorempixel.com/640/480/', 1, '1979-11-07 02:48:15'),
        ('41', 'illo', 'http://lorempixel.com/640/480/', 1, '1993-06-24 02:29:38'),
        ('42', 'facere', 'http://lorempixel.com/640/480/', 0, '1999-03-12 18:49:05'),
        ('43', 'dolorem', 'http://lorempixel.com/640/480/', 1, '2016-07-15 17:31:15'),
        ('44', 'quo', 'http://lorempixel.com/640/480/', 0, '1979-10-22 06:48:51'),
        ('45', 'cupiditate', 'http://lorempixel.com/640/480/', 0, '2017-06-07 08:11:44'),
        ('46', 'facilis', 'http://lorempixel.com/640/480/', 0, '1990-04-24 00:53:10'),
        ('47', 'est', 'http://lorempixel.com/640/480/', 1, '1977-02-09 02:09:06'),
        ('48', 'deleniti', 'http://lorempixel.com/640/480/', 0, '1989-04-18 21:11:41'),
        ('49', 'quia', 'http://lorempixel.com/640/480/', 1, '2014-12-03 07:03:41'),
        ('50', 'sequi', 'http://lorempixel.com/640/480/', 1, '2005-05-18 04:26:30'),
        ('51', 'et', 'http://lorempixel.com/640/480/', 0, '2010-01-10 10:18:16'),
        ('52', 'et', 'http://lorempixel.com/640/480/', 0, '2003-03-17 20:05:12'),
        ('53', 'magni', 'http://lorempixel.com/640/480/', 1, '1994-01-04 08:01:19'),
        ('54', 'aut', 'http://lorempixel.com/640/480/', 0, '1982-09-09 17:43:54'),
        ('55', 'et', 'http://lorempixel.com/640/480/', 0, '1978-07-11 05:50:43'),
        ('56', 'laboriosam', 'http://lorempixel.com/640/480/', 0, '1984-04-29 08:34:13'),
        ('57', 'optio', 'http://lorempixel.com/640/480/', 1, '1975-03-02 23:20:55'),
        ('58', 'alias', 'http://lorempixel.com/640/480/', 0, '2016-05-14 13:11:15'),
        ('59', 'repellendus', 'http://lorempixel.com/640/480/', 0, '1991-06-22 10:21:21'),
        ('60', 'sint', 'http://lorempixel.com/640/480/', 1, '1981-05-29 11:20:54'),
        ('61', 'consequatur', 'http://lorempixel.com/640/480/', 0, '1992-09-05 19:36:36'),
        ('62', 'accusantium', 'http://lorempixel.com/640/480/', 1, '2004-12-09 11:43:19'),
        ('63', 'cumque', 'http://lorempixel.com/640/480/', 1, '1993-07-14 12:47:08'),
        ('64', 'blanditiis', 'http://lorempixel.com/640/480/', 0, '1994-05-01 08:11:28'),
        ('65', 'accusantium', 'http://lorempixel.com/640/480/', 0, '1996-03-20 07:05:26'),
        ('66', 'repellendus', 'http://lorempixel.com/640/480/', 1, '1993-11-04 18:50:03'),
        ('67', 'debitis', 'http://lorempixel.com/640/480/', 0, '1992-03-11 12:49:59'),
        ('68', 'laudantium', 'http://lorempixel.com/640/480/', 1, '1992-03-19 11:44:34'),
        ('69', 'ut', 'http://lorempixel.com/640/480/', 0, '2006-09-05 02:44:37'),
        ('70', 'et', 'http://lorempixel.com/640/480/', 1, '1988-07-25 01:04:39'),
        ('71', 'omnis', 'http://lorempixel.com/640/480/', 0, '2014-11-12 14:21:23'),
        ('72', 'et', 'http://lorempixel.com/640/480/', 1, '1977-07-07 08:52:17'),
        ('73', 'consequatur', 'http://lorempixel.com/640/480/', 0, '1982-03-11 16:07:49'),
        ('74', 'veniam', 'http://lorempixel.com/640/480/', 1, '2006-03-23 06:02:45'),
        ('75', 'libero', 'http://lorempixel.com/640/480/', 1, '1994-04-10 23:24:28'),
        ('76', 'adipisci', 'http://lorempixel.com/640/480/', 1, '1972-09-13 03:13:12'),
        ('77', 'aliquam', 'http://lorempixel.com/640/480/', 1, '1977-11-24 18:51:41'),
        ('78', 'dolores', 'http://lorempixel.com/640/480/', 0, '2007-02-21 20:14:31'),
        ('79', 'quis', 'http://lorempixel.com/640/480/', 0, '1978-01-15 03:34:25'),
        ('80', 'sed', 'http://lorempixel.com/640/480/', 0, '1971-08-04 00:58:14'),
        ('81', 'odio', 'http://lorempixel.com/640/480/', 1, '2015-08-29 12:55:11'),
        ('82', 'fugit', 'http://lorempixel.com/640/480/', 0, '2002-04-24 01:16:47'),
        ('83', 'ad', 'http://lorempixel.com/640/480/', 1, '1978-03-25 21:18:55'),
        ('84', 'quia', 'http://lorempixel.com/640/480/', 1, '2002-02-16 19:00:56'),
        ('85', 'animi', 'http://lorempixel.com/640/480/', 1, '1983-07-07 03:53:49'),
        ('86', 'iure', 'http://lorempixel.com/640/480/', 1, '2001-07-22 19:47:37'),
        ('87', 'tenetur', 'http://lorempixel.com/640/480/', 1, '1979-02-16 22:10:15'),
        ('88', 'tempore', 'http://lorempixel.com/640/480/', 1, '1996-07-26 06:18:08'),
        ('89', 'voluptas', 'http://lorempixel.com/640/480/', 0, '1989-10-10 13:03:14'),
        ('90', 'eligendi', 'http://lorempixel.com/640/480/', 0, '2002-10-15 15:10:57'),
        ('91', 'officiis', 'http://lorempixel.com/640/480/', 1, '1973-04-17 23:27:33'),
        ('92', 'accusantium', 'http://lorempixel.com/640/480/', 0, '2003-12-26 21:02:28'),
        ('93', 'aut', 'http://lorempixel.com/640/480/', 0, '1981-11-26 19:00:21'),
        ('94', 'eos', 'http://lorempixel.com/640/480/', 1, '2017-06-04 00:04:27'),
        ('95', 'tempora', 'http://lorempixel.com/640/480/', 1, '1985-05-28 23:34:56'),
        ('96', 'eos', 'http://lorempixel.com/640/480/', 0, '2015-08-30 04:19:26'),
        ('97', 'quia', 'http://lorempixel.com/640/480/', 0, '1993-12-09 07:37:49'),
        ('98', 'qui', 'http://lorempixel.com/640/480/', 1, '2010-06-24 12:27:24'),
        ('99', 'officia', 'http://lorempixel.com/640/480/', 0, '2017-04-26 12:47:30'),
        ('100', 'aut', 'http://lorempixel.com/640/480/', 1, '1993-06-21 22:07:44');

INSERT INTO `colors` (`id`, `name`, `is_deleted`, `create_date`)
    VALUES
        ('1', 'aut', 1, '1990-10-03 23:18:39'),
        ('2', 'sed', 1, '1975-08-12 00:20:04'),
        ('3', 'reprehenderit', 1, '2001-06-26 04:58:10'),
        ('4', 'deserunt', 1, '1977-03-08 21:30:00'),
        ('5', 'dolor', 1, '1986-11-29 15:14:28'),
        ('6', 'nobis', 1, '2010-04-04 19:07:55'),
        ('7', 'itaque', 1, '1984-11-26 09:51:01'),
        ('8', 'et', 0, '1974-06-08 01:40:08'),
        ('9', 'quaerat', 1, '1987-07-29 12:50:07'),
        ('10', 'omnis', 0, '1985-10-01 13:53:31'),
        ('11', 'quia', 0, '1989-05-14 04:14:56'),
        ('12', 'quas', 1, '1996-04-26 14:00:15'),
        ('13', 'voluptas', 0, '1997-06-21 19:55:16'),
        ('14', 'qui', 1, '2011-12-17 23:55:11'),
        ('15', 'at', 0, '1992-05-29 15:42:24'),
        ('16', 'iure', 0, '1989-01-30 10:43:51'),
        ('17', 'consequuntur', 1, '2014-12-03 23:25:50'),
        ('18', 'qui', 1, '1995-03-18 21:02:19'),
        ('19', 'saepe', 1, '1993-04-27 08:36:32'),
        ('20', 'dolorem', 0, '2004-02-28 09:01:22'),
        ('21', 'quasi', 1, '1999-10-01 14:56:07'),
        ('22', 'explicabo', 0, '1997-06-21 03:57:52'),
        ('23', 'sed', 1, '2005-06-15 09:02:59'),
        ('24', 'enim', 0, '2013-03-22 10:15:51'),
        ('25', 'quia', 1, '1974-10-25 15:03:39'),
        ('26', 'voluptate', 0, '1980-07-26 08:37:47'),
        ('27', 'repellat', 0, '1993-06-23 00:00:37'),
        ('28', 'quisquam', 1, '1986-01-04 07:03:00'),
        ('29', 'perferendis', 1, '2012-10-09 03:51:30'),
        ('30', 'illo', 0, '1991-04-06 03:47:24'),
        ('31', 'neque', 0, '2011-08-20 14:29:22'),
        ('32', 'aut', 1, '1985-05-21 01:04:02'),
        ('33', 'voluptatum', 0, '1986-08-19 06:35:09'),
        ('34', 'aut', 1, '1986-11-10 14:08:58'),
        ('35', 'voluptatem', 0, '1997-12-23 06:39:00'),
        ('36', 'atque', 1, '1995-09-23 16:26:34'),
        ('37', 'et', 1, '1989-05-12 12:35:55'),
        ('38', 'quia', 0, '1970-09-18 13:06:01'),
        ('39', 'placeat', 1, '1993-08-10 06:00:58'),
        ('40', 'ad', 1, '1988-12-29 20:19:02'),
        ('41', 'et', 0, '1988-12-05 13:20:46'),
        ('42', 'aut', 1, '2012-07-04 08:02:58'),
        ('43', 'illum', 1, '1973-10-21 08:24:38'),
        ('44', 'consequuntur', 0, '2014-02-19 00:09:06'),
        ('45', 'eius', 0, '2010-01-28 22:41:02'),
        ('46', 'dolorem', 0, '2006-08-11 11:16:19'),
        ('47', 'et', 0, '1971-06-30 01:09:12'),
        ('48', 'dolor', 0, '1977-05-06 16:58:18'),
        ('49', 'quibusdam', 0, '2009-05-17 01:47:36'),
        ('50', 'repellendus', 0, '2010-05-01 18:21:23'),
        ('51', 'est', 1, '2013-12-29 10:58:41'),
        ('52', 'eum', 1, '2014-03-17 03:19:52'),
        ('53', 'omnis', 1, '1979-01-16 07:43:48'),
        ('54', 'quia', 1, '1972-04-21 12:38:46'),
        ('55', 'accusamus', 0, '2018-12-17 20:58:21'),
        ('56', 'placeat', 0, '1996-12-05 02:22:11'),
        ('57', 'aliquid', 1, '1982-04-26 14:35:36'),
        ('58', 'ut', 1, '1989-04-29 10:29:30'),
        ('59', 'error', 1, '1987-07-21 07:23:41'),
        ('60', 'illo', 1, '1987-05-01 10:03:12'),
        ('61', 'eaque', 1, '2014-10-02 04:56:59'),
        ('62', 'corporis', 1, '1991-01-22 07:06:06'),
        ('63', 'perferendis', 1, '1977-05-18 23:25:44'),
        ('64', 'recusandae', 0, '1987-10-16 14:25:07'),
        ('65', 'est', 0, '2013-06-20 05:59:16'),
        ('66', 'excepturi', 1, '2005-07-15 12:05:05'),
        ('67', 'sit', 0, '1996-09-06 22:55:40'),
        ('68', 'explicabo', 1, '1970-04-22 16:35:10'),
        ('69', 'laudantium', 0, '1997-02-11 21:06:18'),
        ('70', 'similique', 1, '1983-10-10 04:29:27'),
        ('71', 'eum', 1, '2011-02-06 09:38:39'),
        ('72', 'voluptatibus', 0, '2006-02-11 19:58:14'),
        ('73', 'consequatur', 1, '2008-03-25 14:02:16'),
        ('74', 'qui', 1, '2018-08-24 10:19:52'),
        ('75', 'hic', 0, '1987-03-20 18:59:29'),
        ('76', 'accusamus', 1, '2011-06-16 22:29:10'),
        ('77', 'quaerat', 0, '1991-07-26 05:14:01'),
        ('78', 'laborum', 1, '1999-04-14 12:03:00'),
        ('79', 'cupiditate', 0, '2001-12-08 17:29:38'),
        ('80', 'modi', 0, '1987-07-20 07:22:44'),
        ('81', 'velit', 0, '1977-07-19 02:10:30'),
        ('82', 'illum', 1, '1992-12-30 12:42:57'),
        ('83', 'sit', 1, '1992-02-19 01:50:16'),
        ('84', 'dolorem', 0, '1978-04-09 21:57:57'),
        ('85', 'quo', 0, '1999-08-07 02:43:10'),
        ('86', 'hic', 0, '1970-05-22 14:55:49'),
        ('87', 'iusto', 0, '1997-04-09 07:39:16'),
        ('88', 'eum', 1, '1972-02-06 19:14:10'),
        ('89', 'dolorum', 1, '1983-10-10 15:53:30'),
        ('90', 'debitis', 0, '1981-03-18 15:01:39'),
        ('91', 'rerum', 0, '1995-08-04 12:25:28'),
        ('92', 'omnis', 1, '1993-12-30 16:42:31'),
        ('93', 'quia', 0, '2019-01-25 23:32:04'),
        ('94', 'rerum', 1, '1970-08-14 14:32:00'),
        ('95', 'illum', 1, '2002-12-13 17:04:26'),
        ('96', 'amet', 1, '1978-08-24 08:45:23'),
        ('97', 'saepe', 0, '2005-10-07 08:54:24'),
        ('98', 'asperiores', 0, '2017-02-19 13:05:26'),
        ('99', 'praesentium', 0, '1993-01-06 19:55:10'),
        ('100', 'vero', 1, '1992-02-24 09:41:26');

INSERT INTO `comments` (`id`, `comment`, `likes`, `dislikes`, `is_deleted`, `create_date`)
     VALUES ('1','Eum sint culpa iste. Odit totam quia blanditiis et cum et omnis et. Ea a et at.','7','9','0','1985-07-01 23:20:07'),
        ('2','Minima dicta sapiente totam quia quae eum. Inventore commodi autem mollitia alias laborum atque nesciunt. Exercitationem aut sequi libero excepturi quia tenetur.','2','9','0','1976-10-23 09:57:44'),
        ('3','Reiciendis tempora molestiae dignissimos ut vero doloribus explicabo exercitationem. Labore asperiores labore voluptatem sunt.','7','5','0','2007-08-07 03:07:59'),
        ('4','Dolorum qui voluptas cumque saepe. Dolor animi quidem eos ex. Et dolore adipisci aliquam repudiandae eveniet. Expedita eligendi at in consequatur.','1','1','1','1987-04-19 12:04:52'),
        ('5','Expedita ex sequi libero quod. Omnis velit ipsam nisi fuga. Suscipit consequatur quis vel commodi recusandae debitis vitae. Quod nesciunt enim repudiandae at porro commodi.','6','5','1','1977-01-09 14:08:06'),
        ('6','Temporibus tenetur quidem quia ut iusto totam. Dolores inventore deleniti id ipsum accusantium sit.','6','4','0','2003-03-28 03:46:32'),
        ('7','Saepe dolores id ipsa a. Repudiandae nulla veritatis vel consequuntur voluptatem qui. Explicabo at quia velit exercitationem quo eos optio.','3','3','0','2011-09-27 02:07:47'),
        ('8','Nam nostrum totam similique quis. Voluptatem in iusto voluptates. Non odit beatae dolor accusamus qui. Beatae esse neque eum.','2','5','1','2016-11-05 09:12:26'),
        ('9','Tenetur voluptatem possimus sed qui voluptatem ratione tempore voluptatibus. Accusamus veniam cumque voluptatem qui culpa error. Et tempora laboriosam aut amet. Iste ullam et rerum.','2','8','1','1993-01-02 07:07:16'),
        ('10','Sint ipsum nam quas quo iure. Consequatur doloribus et inventore omnis. Ducimus commodi voluptatem et quisquam necessitatibus vel dolorem. Tempore eos minus quod.','5','7','0','2009-03-04 16:06:37'),
        ('11','Aut similique cupiditate adipisci quia reiciendis optio. Dolor ullam debitis non error qui. Aut sunt sunt tempore cum harum velit expedita. Quia ex provident in in.','3','4','1','1997-11-09 10:16:38'),
        ('12','Vel veritatis ad dolorem voluptatem. Laborum voluptatem maxime et quis iusto placeat corrupti. Autem autem deleniti nemo omnis dolor non vero.','9','1','1','1997-05-23 09:38:11'),
        ('13','Explicabo labore asperiores cupiditate numquam esse. Consequatur dolores assumenda ducimus est nihil nulla. Blanditiis architecto nobis saepe et. Minus aut aperiam sequi optio placeat vel cum.','4','1','0','2013-02-05 03:34:53'),
        ('14','Aut eum voluptatem deserunt consectetur est incidunt. Qui sit qui unde sint vero quo excepturi. Molestiae vel in ut. Qui aut labore enim.','3','1','0','1999-06-10 22:50:28'),
        ('15','Iusto ab et incidunt nobis. Sint voluptatum error temporibus quo. Distinctio dolore et et odit rerum sed omnis. Rem eligendi eum distinctio alias dignissimos.','3','6','0','2012-02-17 17:12:22'),
        ('16','Sint sit amet beatae enim. Aut itaque qui aut. Qui rerum consequatur et consequatur autem. Laboriosam neque perferendis aut harum.','2','3','0','1983-05-21 18:24:27'),
        ('17','Odio facere cumque expedita dolorum. Ea dignissimos aut odit delectus ad quam. Praesentium autem et voluptatum hic.','8','8','0','2005-11-30 18:28:27'),
        ('18','Commodi suscipit rerum ad quisquam. Quia id voluptas enim voluptas facere illo. Totam voluptate rerum labore quidem et et. Aut et unde quia possimus qui reprehenderit.','9','6','0','2018-09-02 05:04:50'),
        ('19','Aliquid vitae error et est. Et sunt maiores dolorem odio. Explicabo ut assumenda neque quo molestiae amet. Id dolores tenetur dolor.','5','3','0','1984-09-24 17:30:55'),
        ('20','Qui quo ad blanditiis impedit sed. Exercitationem odit sit reiciendis eveniet. Doloribus animi mollitia odio impedit dolor atque qui. Odit ut eveniet aut quae.','3','1','0','2012-09-29 23:21:18'),
        ('21','Velit in ut error aut dolore aperiam. Ducimus ipsum aliquid et quis. Aliquam dicta provident illum est. Earum est nisi possimus repudiandae dolor eos.','6','6','1','2003-08-08 09:28:21'),
        ('22','Qui non vero est. Qui quaerat tempore placeat eos illum non. Impedit illum omnis vel consequatur laboriosam qui.','6','4','1','1983-06-21 18:15:04'),
        ('23','Voluptates quaerat quibusdam et voluptatem. Porro id dolor temporibus nihil et. Animi ut possimus animi.','5','7','1','1998-04-05 22:49:05'),
        ('24','Et pariatur sapiente doloribus quisquam aliquam. Consequatur ut omnis impedit placeat. Reprehenderit saepe et eum ab totam non. Nulla sint iure vero suscipit praesentium.','4','5','1','1971-12-22 00:31:25'),
        ('25','Sed minus et sed minima numquam exercitationem animi. Perferendis et nihil laborum tempore velit quo. Ut vel aut ab itaque. Excepturi quisquam ut in animi pariatur.','1','5','0','2001-09-14 13:20:29'),
        ('26','Eos at optio deleniti. Non ullam aperiam delectus non nisi. Maiores est in laborum rem. Iusto quo corrupti odio et earum itaque iusto.','7','5','1','1974-07-02 00:11:18'),
        ('27','Voluptatem dolores sed ut recusandae sint. Incidunt veritatis ullam quisquam quia est. Qui perferendis eveniet repellat autem. Fugiat iste est natus voluptate culpa eos.','1','2','0','1982-07-29 03:54:07'),
        ('28','Maxime voluptate excepturi rerum quo itaque itaque. Libero dicta fugit qui quaerat ipsa. Et a qui quasi cupiditate odio. Rem voluptatem officiis et necessitatibus nisi in qui et.','1','3','1','1990-08-22 01:30:45'),
        ('29','Quasi odit nostrum voluptas quos esse sapiente. Non ut reprehenderit molestiae beatae sit aut. Magni aut ratione quaerat voluptate incidunt aspernatur iste.','7','7','1','2014-09-28 23:07:59'),
        ('30','Natus suscipit dignissimos voluptatibus doloribus est explicabo deleniti. Dolorum quos nihil explicabo ducimus. Et ab quo voluptas deserunt. Velit assumenda hic exercitationem et fuga.','5','9','1','1983-01-07 16:56:53'),
        ('31','Nobis iste et omnis. Ratione doloribus voluptates fugiat odio omnis iure quasi alias. Explicabo at corrupti atque totam necessitatibus veritatis earum.','5','9','0','1996-03-02 08:05:35'),
        ('32','Nesciunt maxime ex officiis. Labore corporis ea deleniti vitae culpa libero omnis soluta. Magnam quis ut eligendi velit quos.','1','4','1','2007-06-12 16:42:24'),
        ('33','Itaque praesentium eveniet atque facere ullam. Aut consequatur assumenda corrupti. Saepe cum blanditiis placeat sint. Ut ex et ut quisquam nam eaque commodi.','6','7','0','2000-08-15 20:46:43'),
        ('34','Magni voluptatem eos ullam quia eum. Maxime consequuntur reiciendis ex. Rerum tempora occaecati rerum dolore nemo quaerat optio culpa.','5','8','0','1980-04-14 23:20:52'),
        ('35','Ex velit quisquam omnis repudiandae et. Voluptas provident vel hic qui deleniti in unde corrupti.','7','8','0','1988-04-12 19:42:12'),
        ('36','Cumque possimus accusantium nihil possimus. Tempore tempora non maiores omnis et nulla quibusdam alias. Et reprehenderit minima porro minus.','4','6','0','2006-08-31 05:26:28'),
        ('37','Est nisi mollitia voluptas autem. Facere officia ab qui et aut similique nemo tenetur. Sint repudiandae id tempore quis eligendi.','8','4','0','1994-01-05 12:24:45'),
        ('38','Est velit sunt dolores aliquid. Magni et nesciunt qui et deserunt quia. Quo doloribus ut voluptatibus.','8','9','1','2018-05-29 11:47:52'),
        ('39','Dolor placeat est omnis qui autem reiciendis. Quam voluptatibus sit rerum. Qui corporis cumque fugiat.','6','9','1','1981-11-12 00:45:07'),
        ('40','Officia quia fuga quia non. Voluptatem commodi impedit quis amet porro. Est velit est provident sapiente.','6','6','0','2008-02-18 16:11:51'),
        ('41','Minima eum impedit nihil assumenda officiis. Sit distinctio sit quod. Impedit asperiores facilis omnis expedita recusandae officia. Ut temporibus consequuntur maiores voluptatem.','4','5','1','1984-12-03 18:31:30'),
        ('42','Suscipit est nam occaecati qui id aut sunt ut. Cumque sit temporibus reprehenderit eos et molestiae error. Voluptates et ut dolorem quia ullam dolorem totam. Ex aut autem quidem laborum sunt velit.','2','1','1','1990-08-22 05:56:04'),
        ('43','Odio pariatur consequatur nemo sapiente totam. Porro consectetur corrupti culpa itaque. Odit impedit qui quia quis voluptatem.','6','4','0','2002-11-03 08:45:41'),
        ('44','Cum eveniet et error ut suscipit asperiores. Officia iusto in et vel est. Dignissimos et deserunt sit provident earum hic fugiat deserunt.','9','6','1','1983-11-04 09:37:39'),
        ('45','Corporis velit est laudantium in incidunt. Sit et illo voluptatem sit dolores expedita. Et autem est sit id blanditiis amet non. Tempora a eius sequi quia dolores amet.','2','3','0','2007-01-25 21:37:21'),
        ('46','Nihil non illum nemo assumenda ducimus est. Aspernatur sapiente ullam magni eaque repellat. Repudiandae mollitia nesciunt non quis quaerat assumenda.','3','1','0','2008-10-04 06:51:49'),
        ('47','Veniam reiciendis rem qui qui enim. Quaerat ab quam iure quia et laboriosam laudantium. Iusto omnis eum rem perspiciatis perspiciatis possimus dolorem quos. Eos et et velit repellendus voluptas.','1','9','1','1974-05-26 09:06:33'),
        ('48','Minima laudantium ipsum ut illum odio. Nemo unde sunt provident odio qui animi. Nobis molestiae aut quis recusandae officiis et. Et at sint dolorem et odio ut.','9','1','0','1986-10-08 10:27:32'),
        ('49','Ipsa possimus incidunt delectus id. Excepturi quidem voluptatem minima voluptas in quos. Ducimus aliquam quia aut. Animi harum voluptatem tenetur facere non.','2','6','1','1977-01-19 15:44:32'),
        ('50','Praesentium sunt nostrum quia aut eligendi. Tenetur ratione perspiciatis optio. Aliquam at ut quia beatae consequatur in est.','2','8','1','1996-04-16 22:14:10'),
        ('51','Possimus aut sed tempora ab voluptatibus totam enim. Voluptatem porro deleniti accusamus dolore sint. Asperiores laboriosam autem aut sequi ipsum. Est rerum vel rerum a nihil quasi.','2','9','0','2012-09-25 02:24:30'),
        ('52','In a pariatur eaque et illum laudantium. Perspiciatis sit fuga facere laborum.','5','8','0','2004-03-30 21:08:31'),
        ('53','Illum inventore sint et dolorem omnis. Ipsum qui saepe et dignissimos. Esse porro sit nam et.','3','5','1','1988-05-05 10:10:35'),
        ('54','Dolorem molestias ut voluptas doloribus sed. Consequatur itaque eos veritatis eos totam.','4','2','1','1972-06-21 19:42:20'),
        ('55','Perspiciatis illo eum dolorum. Id deserunt dolor facere eos accusantium ipsum et. Et quia amet consequuntur est voluptatum sapiente est porro.','1','5','0','1994-01-12 09:57:33'),
        ('56','Maiores quis quo eligendi temporibus mollitia. Quibusdam illo fugiat id ad illum nihil veniam et. Neque illo veniam id est iusto.','8','3','1','2001-11-18 09:34:16'),
        ('57','Tempore excepturi consequatur dolorum dicta provident fuga. Et quaerat modi vero qui. Tenetur qui vitae soluta ut quia debitis magni quam. Itaque doloremque facilis eum.','7','9','0','1971-11-23 16:36:20'),
        ('58','Dolore ab perferendis impedit aliquid. Quia tempore quae aliquam minus debitis. Eligendi rerum amet minima. Ut aut velit voluptate soluta.','8','6','1','2003-03-27 22:44:29'),
        ('59','Nihil enim quia laborum. Dolores id fugiat est odio. Quod exercitationem sint qui culpa optio nihil. Eum et provident modi odio et maxime.','8','2','1','2004-03-01 08:46:19'),
        ('60','Dolorem culpa voluptas quam quo officiis temporibus qui. Omnis quia libero amet consequatur. Illum eaque quia quam iste placeat fuga. Porro aut quam est est neque vitae.','8','6','0','2011-12-11 03:25:42'),
        ('61','Quasi ut dicta nisi facilis et. Non dicta in quam autem corrupti voluptates mollitia.','5','3','1','2018-03-14 07:59:13'),
        ('62','Id consequatur animi sint iure deserunt ipsum. Nobis et quo recusandae nihil fuga quis corporis. Illum aliquam error qui aspernatur. Assumenda enim facere consequatur omnis corporis.','7','8','1','1970-02-13 23:21:53'),
        ('63','Unde debitis vitae ut odit magnam. Sit enim voluptates placeat nihil qui nesciunt. Aut qui voluptas quis dolores. Molestiae perspiciatis quas corporis unde.','1','1','0','1977-03-16 16:31:35'),
        ('64','Blanditiis consequatur doloribus exercitationem possimus sequi eum. Molestias vero accusantium aut molestias. Ut quasi voluptas sit omnis tempore totam inventore.','5','7','1','1986-05-11 08:43:02'),
        ('65','Explicabo quis reiciendis atque recusandae asperiores est voluptatum ipsam. Temporibus amet blanditiis blanditiis. Esse laboriosam aperiam tenetur reiciendis repellendus pariatur.','8','2','1','1971-03-01 05:47:47'),
        ('66','Dolor eum necessitatibus et sunt tempore quos. Deleniti maxime repellat tempora dicta nulla. Voluptas doloribus dolores doloremque in. Sint officia sed sunt illum autem perferendis rem.','5','3','1','2009-08-10 05:41:22'),
        ('67','Repellendus maiores fuga odio possimus. Est natus et sint aut. Officia est rerum eum consequatur et aspernatur.','4','9','0','2017-01-21 17:17:26'),
        ('68','Aut ab placeat eum exercitationem. Aperiam autem voluptatem qui maiores et illo. Ratione eos maiores natus porro. Nulla voluptatem atque distinctio provident quisquam necessitatibus quos.','2','5','0','1995-12-27 23:04:07'),
        ('69','Minima velit tenetur sapiente. Labore natus nesciunt quibusdam eum tempora ut odio.','7','9','1','1970-04-06 19:22:38'),
        ('70','Aut vel minima eos. Libero voluptatem voluptatem qui aut rerum. Magni dolorum sed minima dolorem expedita ipsam est. Dicta voluptatum ullam consequatur accusantium at aperiam.','4','1','1','1973-06-02 12:59:21'),
        ('71','Odio nihil laborum nemo ut. Explicabo aperiam maiores saepe. Et illum eum illo non. Ut dolor sunt ad dolores ut est enim atque.','1','6','1','1987-03-24 22:08:33'),
        ('72','Quia maiores vero rem est. Molestiae excepturi hic tempore explicabo dolorem laudantium.','1','5','1','2014-03-27 02:16:10'),
        ('73','Accusamus voluptate blanditiis voluptatem est consequatur quia culpa harum. Saepe voluptates dolorem necessitatibus accusamus. Nesciunt deleniti assumenda vitae quam similique commodi consequatur.','1','5','0','2008-12-07 22:27:09'),
        ('74','Aut vel omnis quia omnis. Iusto voluptatem ea mollitia sit quos et. Autem perspiciatis voluptate non fugiat praesentium sunt. Accusamus doloribus veniam aut dolorem.','6','9','1','2009-01-21 10:14:39'),
        ('75','Velit velit mollitia distinctio id sunt veniam. Minus esse adipisci ut inventore ratione velit. Nisi dolor animi voluptatem est nesciunt.','3','2','1','2010-03-07 01:00:14'),
        ('76','Quam voluptatum sit qui qui quis. Asperiores officia perferendis impedit. Saepe omnis id nihil et ea nesciunt. Recusandae cum sint et itaque voluptatibus sunt.','7','3','1','1996-04-09 08:03:38'),
        ('77','Distinctio fugit eveniet in nihil expedita nulla accusamus doloremque. Odit occaecati magni et quis error voluptate. Debitis voluptatem eum pariatur nulla occaecati ipsa tempora.','1','7','1','2018-04-18 17:57:50'),
        ('78','Cupiditate ea est error voluptates at. Rerum mollitia odit ut magnam et. Cupiditate porro magnam quibusdam fugiat illum maxime. Sunt pariatur est omnis et.','9','4','0','2009-12-29 21:22:00'),
        ('79','Voluptatem quidem unde earum molestias accusantium dolores ea ut. Dolor deleniti sunt aperiam qui vel. Maiores consequatur voluptatem qui debitis voluptas.','2','7','1','2007-09-09 10:46:31'),
        ('80','Tempora rem rerum voluptas quasi dignissimos quos ut. Molestiae beatae non ipsam excepturi at. Omnis iure sapiente magnam sit sed voluptas aut et.','2','2','1','2008-07-06 12:27:36'),
        ('81','Ut ipsa aut velit consectetur cumque quo quis dolor. Rerum voluptas non occaecati laudantium. Iure repudiandae inventore rem consequuntur aut iusto impedit.','2','8','0','2014-07-11 16:00:33'),
        ('82','Ipsam et placeat iusto. Cupiditate quod aspernatur quo eligendi sint voluptatibus nihil distinctio.','6','9','1','1971-05-22 14:02:11'),
        ('83','Molestiae veniam rerum nesciunt ratione nam. Dignissimos et voluptates sunt ex. Laborum molestias porro id voluptatum et.','6','8','1','1987-02-05 22:53:31'),
        ('84','Aut perferendis sed praesentium. Soluta nobis voluptatum fugiat et nihil quaerat. Atque exercitationem deleniti iusto quis unde quia consequatur.','4','8','1','1999-03-12 03:51:28'),
        ('85','Laudantium rerum cum quia dolor nostrum aut. Unde aut quia molestiae officiis atque. Similique repellat eaque qui. Ea est dicta et.','4','9','0','2018-09-24 04:08:41'),
        ('86','Ipsa voluptates qui explicabo. Provident laboriosam voluptatum architecto suscipit voluptatem. Repellat quibusdam sint aut earum odit eum. Hic aut doloribus ex et excepturi pariatur.','6','3','1','2004-12-11 12:02:59'),
        ('87','Omnis nihil enim ut est ducimus. Alias iusto commodi quasi nemo maiores dolores quia tenetur. In iure quis enim repellat omnis velit.','5','1','1','1984-07-22 08:21:51'),
        ('88','Aut et eum facere ea accusamus. Qui incidunt magni id sed porro aut. Beatae similique quam ea iure. Consectetur tempora dolorem atque quis.','9','4','1','2008-07-15 10:00:55'),
        ('89','Est et est ut aut blanditiis. Illo exercitationem quasi sint facere aperiam numquam aut enim. Odio illo fugit quisquam harum error. Non dolorem quos nihil.','5','3','1','1974-10-27 13:27:47'),
        ('90','Sed quo tempore vel non qui. Facilis non sunt aperiam dolorem voluptatibus distinctio. Aliquid vel quod laboriosam rem adipisci eveniet consequatur.','3','8','0','1996-03-26 08:26:28'),
        ('91','In consequatur earum voluptatum odit repellendus. Fugit sunt quibusdam est perferendis vero qui tenetur. Praesentium et quod temporibus eos quisquam asperiores.','7','9','0','2000-09-07 05:53:08'),
        ('92','Excepturi odit fuga repellendus dolorem itaque. In non molestiae distinctio voluptatem. Nostrum quis rerum quibusdam molestiae.','1','5','1','2017-04-05 18:10:21'),
        ('93','Deserunt non aut necessitatibus ea neque. Veniam harum eligendi dolore nemo sed velit in. Voluptas autem facere maiores similique laudantium. Ea alias alias deserunt voluptatum veniam.','1','4','0','1973-06-16 10:02:52'),
        ('94','Accusamus rerum culpa quidem. Et asperiores pariatur asperiores perferendis et aliquam. Ab laborum nihil soluta harum.','9','8','0','2015-04-02 13:13:38'),
        ('95','Explicabo architecto sint itaque aliquid. Deleniti eos quia qui eligendi. Ullam sequi cupiditate hic autem atque. Ipsam atque voluptatem voluptas quis qui.','5','5','0','1972-03-28 21:13:23'),
        ('96','Quibusdam exercitationem praesentium odio voluptas et itaque ab. Voluptates harum itaque doloribus est. Sed necessitatibus eum minima pariatur vitae ut ex.','8','1','1','1998-10-09 15:16:32'),
        ('97','Inventore magni dolorum maiores perferendis nemo. Id corrupti molestiae exercitationem voluptatem deserunt. Debitis sint consequuntur nam suscipit fugit.','7','5','0','1992-03-09 20:43:26'),
        ('98','Alias quia aut nulla deleniti. Molestias officiis et cupiditate totam est. Neque et et saepe.','1','2','0','1973-04-23 23:23:31'),
        ('99','Voluptatem temporibus officia voluptatem velit iusto quam. Ipsa aut eius doloremque perspiciatis quia. Quibusdam sit dignissimos aut omnis. Nihil sit minima quasi fugit officiis.','8','6','0','1984-09-01 16:11:00'),
        ('100','Maxime vel beatae laborum dolores. In quia maxime blanditiis et minima. Itaque earum autem distinctio hic magni. Et cumque iste maxime nemo labore illo est. Perspiciatis excepturi libero quia quo.','5','3','1','1976-02-22 00:52:06');

INSERT INTO `discount_types` (`id`, `type`, `is_deleted`, `create_date`)
    VALUES
        ('1', 'price', 1, '2016-06-07 06:52:19'),
        ('2', 'price', 0, '1972-10-26 19:34:57'),
        ('3', 'percent', 1, '1984-08-10 08:18:31'),
        ('4', 'price', 0, '2016-08-05 04:45:19'),
        ('5', 'price', 1, '1986-03-14 21:48:17'),
        ('6', 'percent', 0, '2014-01-08 12:59:47'),
        ('7', 'percent', 0, '1995-08-28 12:06:07'),
        ('8', 'price', 0, '1993-01-02 15:03:45'),
        ('9', 'price', 1, '1972-02-27 02:11:26'),
        ('10', 'percent', 0, '2019-02-01 12:30:27'),
        ('11', 'percent', 0, '2019-04-15 05:10:12'),
        ('12', 'price', 0, '2002-06-23 21:10:15'),
        ('13', 'percent', 0, '1985-01-22 06:07:43'),
        ('14', 'price', 1, '2013-11-30 04:33:55'),
        ('15', 'percent', 1, '2017-05-21 23:22:07'),
        ('16', 'price', 1, '1986-06-11 15:26:40'),
        ('17', 'percent', 1, '1996-10-04 20:07:59'),
        ('18', 'price', 1, '1980-02-19 19:15:20'),
        ('19', 'price', 0, '1992-04-22 12:43:28'),
        ('20', 'price', 1, '2016-05-07 12:14:24'),
        ('21', 'percent', 1, '1990-08-08 07:50:58'),
        ('22', 'percent', 0, '1997-08-04 12:50:28'),
        ('23', 'price', 0, '2002-01-13 10:09:44'),
        ('24', 'price', 0, '1992-03-05 05:06:30'),
        ('25', 'percent', 1, '2003-12-03 08:38:26'),
        ('26', 'percent', 1, '1981-03-20 00:53:33'),
        ('27', 'price', 1, '2009-01-23 01:21:35'),
        ('28', 'percent', 1, '1998-04-15 02:43:42'),
        ('29', 'percent', 0, '2005-04-10 19:37:30'),
        ('30', 'percent', 0, '1990-03-01 08:19:43'),
        ('31', 'price', 0, '2000-03-15 16:26:27'),
        ('32', 'percent', 1, '2014-07-04 01:05:39'),
        ('33', 'price', 0, '1994-06-26 12:32:48'),
        ('34', 'price', 0, '2017-10-22 04:45:46'),
        ('35', 'price', 1, '2006-08-06 06:54:30'),
        ('36', 'percent', 1, '1994-09-28 05:53:18'),
        ('37', 'price', 1, '1983-09-11 22:13:29'),
        ('38', 'price', 1, '1980-09-07 19:43:50'),
        ('39', 'price', 1, '1982-05-28 18:54:53'),
        ('40', 'percent', 1, '1992-09-17 04:27:13'),
        ('41', 'percent', 1, '2002-03-12 06:21:37'),
        ('42', 'price', 1, '1991-06-30 04:33:13'),
        ('43', 'price', 1, '1976-08-30 12:30:02'),
        ('44', 'price', 0, '2005-09-24 02:34:43'),
        ('45', 'percent', 1, '1976-01-20 16:05:00'),
        ('46', 'percent', 0, '1973-09-24 19:03:59'),
        ('47', 'price', 0, '2016-10-20 14:04:05'),
        ('48', 'price', 1, '1988-11-24 07:21:30'),
        ('49', 'percent', 0, '1980-06-13 03:56:03'),
        ('50', 'percent', 1, '2018-02-09 20:19:43'),
        ('51', 'price', 1, '1991-05-12 17:37:11'),
        ('52', 'percent', 0, '1972-10-22 03:14:53'),
        ('53', 'price', 0, '2008-08-18 19:10:01'),
        ('54', 'percent', 0, '1971-06-13 01:10:14'),
        ('55', 'percent', 1, '1990-10-29 12:08:06'),
        ('56', 'price', 1, '2004-03-15 02:07:12'),
        ('57', 'percent', 1, '1997-09-25 09:37:14'),
        ('58', 'percent', 0, '2006-07-16 16:03:01'),
        ('59', 'price', 1, '1990-08-08 04:00:52'),
        ('60', 'percent', 0, '2006-10-14 16:42:42'),
        ('61', 'percent', 1, '1993-04-07 04:28:10'),
        ('62', 'price', 0, '2011-08-05 07:26:28'),
        ('63', 'price', 1, '1986-04-30 17:56:58'),
        ('64', 'price', 1, '2014-08-03 19:50:13'),
        ('65', 'price', 0, '2009-09-04 04:40:03'),
        ('66', 'price', 0, '1974-12-30 02:59:10'),
        ('67', 'percent', 1, '1993-02-17 20:05:01'),
        ('68', 'price', 1, '1993-12-21 09:42:59'),
        ('69', 'price', 0, '2016-11-29 21:53:47'),
        ('70', 'percent', 1, '2013-12-16 20:12:24'),
        ('71', 'price', 1, '2018-11-07 09:22:08'),
        ('72', 'percent', 0, '2019-02-10 20:21:36'),
        ('73', 'price', 0, '2011-03-05 01:55:43'),
        ('74', 'percent', 1, '1978-05-06 14:26:48'),
        ('75', 'price', 1, '2016-05-19 10:36:37'),
        ('76', 'percent', 0, '2003-01-04 00:01:45'),
        ('77', 'price', 1, '2014-03-13 22:37:24'),
        ('78', 'percent', 1, '2010-11-19 03:33:44'),
        ('79', 'price', 0, '2013-01-09 10:16:15'),
        ('80', 'percent', 1, '2008-09-21 09:38:02'),
        ('81', 'price', 0, '2003-04-08 17:00:46'),
        ('82', 'price', 0, '1989-09-30 10:45:30'),
        ('83', 'price', 1, '1993-11-13 07:14:51'),
        ('84', 'percent', 0, '2015-03-27 16:22:08'),
        ('85', 'percent', 1, '1992-10-25 00:42:38'),
        ('86', 'price', 0, '2012-12-25 07:27:14'),
        ('87', 'percent', 1, '2014-09-25 04:04:00'),
        ('88', 'price', 1, '1975-03-25 06:16:57'),
        ('89', 'price', 0, '1988-10-30 10:48:12'),
        ('90', 'percent', 0, '1995-02-07 02:57:53'),
        ('91', 'percent', 1, '1974-10-17 09:36:36'),
        ('92', 'price', 0, '1988-10-18 22:31:53'),
        ('93', 'price', 1, '1981-04-16 21:17:47'),
        ('94', 'price', 1, '1992-04-20 08:14:37'),
        ('95', 'percent', 1, '2006-12-12 15:51:51'),
        ('96', 'price', 0, '1973-03-03 08:17:16'),
        ('97', 'percent', 1, '2017-04-11 22:54:01'),
        ('98', 'percent', 0, '1993-01-06 13:47:43'),
        ('99', 'price', 0, '2001-04-30 05:08:35'),
        ('100', 'price', 1, '1972-03-06 00:12:47');

INSERT INTO `discounts` (`id`, `discount`, `discount_type_id`, `is_deleted`, `create_date`)
    VALUES
        ('1', '99762181', '1', 0, '1994-04-03 09:31:14'),
        ('2', '146692841', '2', 0, '1989-01-08 21:29:36'),
        ('3', '0', '3', 0, '1991-07-31 05:38:15'),
        ('4', '8', '4', 1, '1996-05-23 10:52:02'),
        ('5', '0', '5', 0, '1972-01-15 17:19:34'),
        ('6', '1231495', '6', 1, '2003-11-11 05:55:39'),
        ('7', '36', '7', 0, '2008-09-08 12:30:08'),
        ('8', '8294', '8', 1, '1987-09-25 03:54:10'),
        ('9', '82', '9', 0, '1999-11-04 02:57:01'),
        ('10', '8563318', '10', 0, '1998-10-03 04:53:09'),
        ('11', '9', '11', 1, '1979-08-11 05:04:39'),
        ('12', '57093649', '12', 1, '1970-11-22 15:36:15'),
        ('13', '38546443', '13', 0, '1983-08-18 07:39:33'),
        ('14', '1146263', '14', 1, '2005-04-26 04:55:19'),
        ('15', '26', '15', 0, '2013-05-30 09:49:45'),
        ('16', '345825922', '16', 1, '2013-07-17 19:22:34'),
        ('17', '0', '17', 1, '1990-04-20 05:17:27'),
        ('18', '756', '18', 0, '1982-09-30 04:35:56'),
        ('19', '5', '19', 0, '1989-08-02 21:25:22'),
        ('20', '7191', '20', 0, '1977-06-27 11:35:25'),
        ('21', '93936', '21', 0, '1987-05-07 09:20:29'),
        ('22', '48027575', '22', 0, '1979-01-08 11:35:35'),
        ('23', '5258077', '23', 0, '2008-05-22 11:05:31'),
        ('24', '3', '24', 0, '2002-06-19 10:09:07'),
        ('25', '15701253', '25', 1, '1970-02-18 21:50:44'),
        ('26', '317658', '26', 0, '2004-09-17 15:16:09'),
        ('27', '3594', '27', 0, '1971-06-23 02:39:46'),
        ('28', '7800235', '28', 0, '1975-05-19 12:35:43'),
        ('29', '64', '29', 0, '2016-10-12 04:03:10'),
        ('30', '1818', '30', 1, '2012-02-22 22:01:13'),
        ('31', '0', '31', 0, '1999-02-23 23:31:33'),
        ('32', '32', '32', 0, '1984-11-19 02:10:02'),
        ('33', '4690', '33', 1, '1975-11-20 04:04:35'),
        ('34', '0', '34', 1, '1992-01-18 16:01:22'),
        ('35', '836', '35', 1, '1973-02-07 18:21:12'),
        ('36', '7033', '36', 1, '2008-02-02 21:53:30'),
        ('37', '6', '37', 1, '1974-03-14 00:07:16'),
        ('38', '85370', '38', 0, '2013-11-04 18:27:30'),
        ('39', '0', '39', 1, '2000-07-08 00:21:28'),
        ('40', '4366', '40', 1, '2000-06-05 15:46:27'),
        ('41', '190216', '41', 0, '2001-01-30 23:23:23'),
        ('42', '6928062', '42', 1, '1987-02-27 21:19:06'),
        ('43', '7911683', '43', 0, '1988-03-29 18:39:13'),
        ('44', '51510', '44', 0, '1982-01-05 14:52:55'),
        ('45', '543849', '45', 0, '1981-07-20 10:28:01'),
        ('46', '7454', '46', 1, '1980-09-30 18:29:41'),
        ('47', '360019771', '47', 1, '2016-07-11 15:17:00'),
        ('48', '35', '48', 0, '1984-06-29 15:23:08'),
        ('49', '0', '49', 0, '1987-05-10 22:45:06'),
        ('50', '5', '50', 1, '2004-10-30 06:21:23'),
        ('51', '179', '51', 0, '1976-12-28 10:00:19'),
        ('52', '3081426', '52', 0, '2014-05-07 08:05:51'),
        ('53', '6', '53', 0, '1982-05-22 15:13:26'),
        ('54', '30', '54', 0, '1995-05-30 18:35:00'),
        ('55', '9541375', '55', 0, '1972-12-09 13:39:28'),
        ('56', '5', '56', 0, '2007-03-07 07:41:04'),
        ('57', '9', '57', 0, '1993-06-13 09:40:10'),
        ('58', '56792', '58', 1, '1999-11-17 17:15:05'),
        ('59', '886190', '59', 0, '1971-10-25 00:44:54'),
        ('60', '2', '60', 1, '1997-12-01 21:25:09'),
        ('61', '3437', '61', 1, '1985-08-27 12:00:28'),
        ('62', '444', '62', 1, '1997-09-01 11:53:28'),
        ('63', '8', '63', 1, '2013-07-04 18:16:40'),
        ('64', '83326958', '64', 0, '1996-12-19 13:47:45'),
        ('65', '140', '65', 1, '2002-10-23 01:07:06'),
        ('66', '7294485', '66', 1, '2017-12-19 03:45:31'),
        ('67', '8102', '67', 0, '2010-07-09 01:44:35'),
        ('68', '62401', '68', 0, '2004-10-09 11:41:42'),
        ('69', '43607746', '69', 1, '1996-09-26 19:12:02'),
        ('70', '1', '70', 0, '2007-03-19 00:31:12'),
        ('71', '6', '71', 0, '1980-04-04 05:30:25'),
        ('72', '29359', '72', 0, '2012-03-24 09:02:50'),
        ('73', '8242285', '73', 0, '1994-07-04 16:11:21'),
        ('74', '8', '74', 1, '1997-07-19 21:07:23'),
        ('75', '334172', '75', 1, '2012-06-10 23:22:12'),
        ('76', '42', '76', 1, '1989-08-30 00:49:20'),
        ('77', '69737599', '77', 0, '2013-03-12 02:22:08'),
        ('78', '82733824', '78', 1, '1986-10-03 15:22:24'),
        ('79', '35', '79', 1, '2019-08-28 09:42:43'),
        ('80', '0', '80', 0, '1996-01-01 11:31:48'),
        ('81', '6', '81', 1, '1986-06-10 07:14:59'),
        ('82', '31321214', '82', 1, '1974-06-18 01:47:41'),
        ('83', '2566160', '83', 0, '2006-02-18 02:16:05'),
        ('84', '6399', '84', 0, '1976-07-23 17:36:39'),
        ('85', '19647875', '85', 1, '2000-02-09 05:56:02'),
        ('86', '462', '86', 1, '1991-05-10 02:34:05'),
        ('87', '68991135', '87', 1, '1982-08-26 17:10:39'),
        ('88', '831220065', '88', 0, '1996-05-06 20:19:27'),
        ('89', '483504', '89', 1, '2006-12-02 19:22:33'),
        ('90', '6', '90', 0, '1977-05-22 13:00:53'),
        ('91', '634428', '91', 0, '2012-05-13 05:48:44'),
        ('92', '4', '92', 0, '1972-05-09 21:28:24'),
        ('93', '61', '93', 0, '2003-03-02 05:45:12'),
        ('94', '9', '94', 0, '1996-09-17 08:15:12'),
        ('95', '440739', '95', 0, '1982-09-25 17:05:49'),
        ('96', '581', '96', 1, '1983-04-09 10:32:38'),
        ('97', '1169', '97', 1, '2017-11-07 22:01:04'),
        ('98', '221767', '98', 0, '1998-01-11 18:19:16'),
        ('99', '42', '99', 1, '1981-03-10 13:24:21'),
        ('100', '277987004', '100', 0, '2018-08-10 23:46:00');

INSERT INTO `groups` (`id`, `name`, `is_deleted`, `create_date`)
    VALUES
        ('1', 'voluptas', 1, '1982-10-01 03:28:34'),
        ('2', 'est', 1, '2006-11-29 21:03:15'),
        ('3', 'error', 1, '2017-03-08 21:33:43'),
        ('4', 'illum', 0, '2005-12-19 23:30:57'),
        ('5', 'enim', 0, '1991-05-15 06:17:15'),
        ('6', 'qui', 1, '1979-04-09 07:07:05'),
        ('7', 'eaque', 1, '1998-12-10 06:26:45'),
        ('8', 'quibusdam', 1, '2000-03-26 21:18:57'),
        ('9', 'et', 1, '2017-02-13 00:07:16'),
        ('10', 'quam', 1, '1985-01-19 08:08:47'),
        ('11', 'impedit', 0, '1993-11-19 10:50:31'),
        ('12', 'tenetur', 0, '1997-03-17 19:29:45'),
        ('13', 'omnis', 0, '2010-11-18 19:28:25'),
        ('14', 'assumenda', 0, '2009-10-03 06:02:37'),
        ('15', 'non', 0, '1980-11-03 04:14:56'),
        ('16', 'expedita', 0, '1971-12-16 20:17:17'),
        ('17', 'quod', 1, '1974-04-26 10:03:01'),
        ('18', 'numquam', 1, '1988-07-08 12:12:04'),
        ('19', 'libero', 0, '1980-04-15 13:12:11'),
        ('20', 'sapiente', 1, '2009-05-28 01:32:36'),
        ('21', 'in', 0, '1992-08-04 10:35:47'),
        ('22', 'est', 1, '2000-12-15 12:41:08'),
        ('23', 'consequuntur', 1, '1987-03-16 14:37:16'),
        ('24', 'adipisci', 0, '1994-09-04 20:11:03'),
        ('25', 'eaque', 1, '1980-02-05 16:42:54'),
        ('26', 'vitae', 0, '2013-11-02 10:08:41'),
        ('27', 'et', 0, '1975-11-12 22:22:24'),
        ('28', 'dolorem', 0, '2019-03-04 02:17:52'),
        ('29', 'molestiae', 0, '2015-05-03 09:48:32'),
        ('30', 'consequatur', 1, '1977-07-25 20:02:05'),
        ('31', 'molestiae', 1, '1973-12-20 23:23:25'),
        ('32', 'recusandae', 0, '2014-04-21 01:53:41'),
        ('33', 'aut', 1, '1970-12-27 20:20:31'),
        ('34', 'odio', 1, '1982-04-06 17:19:49'),
        ('35', 'consequuntur', 1, '1971-02-06 22:56:05'),
        ('36', 'qui', 0, '1975-09-28 02:44:51'),
        ('37', 'sequi', 1, '1990-12-22 03:08:05'),
        ('38', 'repudiandae', 0, '2001-12-13 13:46:44'),
        ('39', 'hic', 1, '1993-09-04 10:28:18'),
        ('40', 'autem', 1, '2005-05-19 07:50:16'),
        ('41', 'eius', 0, '2007-08-17 09:06:34'),
        ('42', 'voluptatem', 0, '1998-05-30 00:55:49'),
        ('43', 'corporis', 0, '1977-02-03 12:18:40'),
        ('44', 'ut', 0, '2003-06-16 09:06:21'),
        ('45', 'molestiae', 0, '2007-07-18 20:56:59'),
        ('46', 'animi', 0, '2009-03-09 17:52:06'),
        ('47', 'accusantium', 1, '2005-12-14 18:56:10'),
        ('48', 'consectetur', 1, '1992-01-19 20:56:52'),
        ('49', 'maiores', 1, '1986-11-13 13:55:55'),
        ('50', 'non', 1, '2002-11-06 08:02:30'),
        ('51', 'voluptatibus', 0, '2013-05-15 15:53:04'),
        ('52', 'autem', 0, '1992-06-09 14:46:12'),
        ('53', 'praesentium', 1, '1981-09-19 11:13:08'),
        ('54', 'ipsum', 0, '2002-04-16 02:44:56'),
        ('55', 'alias', 1, '2018-07-10 07:43:16'),
        ('56', 'et', 0, '1992-11-04 12:55:30'),
        ('57', 'et', 0, '2018-08-15 19:02:43'),
        ('58', 'quas', 1, '1993-03-14 18:01:50'),
        ('59', 'excepturi', 0, '2015-04-09 21:45:29'),
        ('60', 'voluptas', 0, '1987-02-19 01:19:56'),
        ('61', 'quo', 1, '1985-01-02 20:25:47'),
        ('62', 'id', 1, '1978-04-07 21:34:07'),
        ('63', 'magnam', 0, '1999-12-06 06:44:06'),
        ('64', 'nesciunt', 0, '2016-12-04 16:03:23'),
        ('65', 'fugiat', 0, '1974-02-03 07:48:34'),
        ('66', 'est', 0, '2012-07-27 14:48:48'),
        ('67', 'suscipit', 1, '1987-04-13 23:17:22'),
        ('68', 'rerum', 0, '1993-04-29 19:48:40'),
        ('69', 'est', 1, '1998-02-21 19:31:22'),
        ('70', 'voluptatum', 0, '1999-01-14 22:42:56'),
        ('71', 'rerum', 1, '2009-12-31 05:27:09'),
        ('72', 'sunt', 1, '1983-03-02 16:19:58'),
        ('73', 'fugit', 0, '2008-09-18 19:49:40'),
        ('74', 'dolores', 1, '2011-11-20 18:55:53'),
        ('75', 'sit', 0, '1993-06-19 12:24:53'),
        ('76', 'quasi', 1, '1997-10-27 10:22:08'),
        ('77', 'minima', 0, '1979-12-24 19:45:46'),
        ('78', 'et', 1, '1974-10-04 13:19:20'),
        ('79', 'veritatis', 1, '2004-11-08 10:50:37'),
        ('80', 'totam', 0, '2001-03-16 16:29:47'),
        ('81', 'explicabo', 1, '2017-09-06 09:44:52'),
        ('82', 'voluptatem', 0, '2006-03-09 11:50:32'),
        ('83', 'nesciunt', 0, '2016-05-11 00:50:30'),
        ('84', 'deleniti', 0, '1987-03-23 16:47:48'),
        ('85', 'quos', 1, '1985-12-04 16:58:47'),
        ('86', 'ut', 0, '2006-08-24 03:36:18'),
        ('87', 'veritatis', 1, '1987-09-15 21:28:11'),
        ('88', 'ipsam', 0, '2017-10-06 15:14:43'),
        ('89', 'consequatur', 0, '2006-09-27 06:56:40'),
        ('90', 'et', 0, '2009-11-10 16:25:03'),
        ('91', 'occaecati', 1, '1985-03-28 07:45:59'),
        ('92', 'voluptatem', 0, '2011-12-08 02:22:18'),
        ('93', 'laboriosam', 0, '1996-04-20 01:42:43'),
        ('94', 'itaque', 1, '2018-09-17 00:10:12'),
        ('95', 'minus', 1, '1988-10-20 05:58:48'),
        ('96', 'vitae', 0, '1971-03-01 19:25:02'),
        ('97', 'ea', 0, '1989-01-17 14:18:08'),
        ('98', 'placeat', 0, '1982-10-10 16:14:09'),
        ('99', 'repudiandae', 1, '1977-03-26 20:45:42'),
        ('100', 'asperiores', 0, '2007-02-19 19:14:45');

INSERT INTO `users_groups` (`user_id`, `group_id`, `create_date`)
    VALUES
        ('1', '1', '1996-07-03 21:43:25'),
        ('2', '2', '1984-12-20 23:52:51'),
        ('3', '3', '2012-04-28 01:08:25'),
        ('4', '4', '1972-03-09 11:46:07'),
        ('5', '5', '2007-12-29 04:17:26'),
        ('6', '6', '1999-03-24 04:35:27'),
        ('7', '7', '2011-06-15 17:12:21'),
        ('8', '8', '1995-02-07 22:41:28'),
        ('9', '9', '1983-06-25 16:11:09'),
        ('10', '10', '2007-07-13 16:52:15'),
        ('11', '11', '2004-02-23 12:59:38'),
        ('12', '12', '1981-01-03 05:20:45'),
        ('13', '13', '1991-09-03 15:15:43'),
        ('14', '14', '2013-01-16 02:33:00'),
        ('15', '15', '1994-03-14 05:52:42'),
        ('16', '16', '1998-09-20 09:06:26'),
        ('17', '17', '1974-07-11 16:56:14'),
        ('18', '18', '1985-04-21 17:21:55'),
        ('19', '19', '1978-03-29 11:18:43'),
        ('20', '20', '1973-07-08 12:38:53'),
        ('21', '21', '2018-02-06 22:22:51'),
        ('22', '22', '1987-01-24 06:21:41'),
        ('23', '23', '1990-04-01 19:25:36'),
        ('24', '24', '2010-06-16 14:19:33'),
        ('25', '25', '1998-03-08 15:10:42'),
        ('26', '26', '1999-10-26 11:41:26'),
        ('27', '27', '2006-08-08 10:19:47'),
        ('28', '28', '2005-07-18 04:27:27'),
        ('29', '29', '1973-09-12 21:13:59'),
        ('30', '30', '2017-10-24 14:24:20'),
        ('31', '31', '2018-06-25 14:04:53'),
        ('32', '32', '1972-08-16 21:10:37'),
        ('33', '33', '1984-01-31 16:29:32'),
        ('34', '34', '1992-09-28 21:13:41'),
        ('35', '35', '2007-10-02 10:33:13'),
        ('36', '36', '1992-05-26 05:31:54'),
        ('37', '37', '1992-02-19 07:38:03'),
        ('38', '38', '1995-10-12 12:30:01'),
        ('39', '39', '1984-10-03 05:33:10'),
        ('40', '40', '1982-11-01 12:36:44'),
        ('41', '41', '2003-11-05 23:15:12'),
        ('42', '42', '1977-03-18 17:55:50'),
        ('43', '43', '1991-02-25 03:05:20'),
        ('44', '44', '2007-10-03 15:00:46'),
        ('45', '45', '2019-09-04 07:56:12'),
        ('46', '46', '1987-05-02 16:47:46'),
        ('47', '47', '1971-12-29 15:31:18'),
        ('48', '48', '1987-06-11 03:25:42'),
        ('49', '49', '2016-08-16 14:44:12'),
        ('50', '50', '1998-07-30 04:19:52'),
        ('51', '51', '1986-08-31 05:34:06'),
        ('52', '52', '1974-05-29 12:56:30'),
        ('53', '53', '1998-03-10 20:18:55'),
        ('54', '54', '1993-06-15 20:56:15'),
        ('55', '55', '1989-08-18 04:23:28'),
        ('56', '56', '1994-12-29 07:31:00'),
        ('57', '57', '1972-05-31 12:07:43'),
        ('58', '58', '1972-09-12 16:34:54'),
        ('59', '59', '1999-08-15 01:30:11'),
        ('60', '60', '2007-05-10 18:57:47'),
        ('61', '61', '1992-03-10 11:58:00'),
        ('62', '62', '1986-08-02 17:34:26'),
        ('63', '63', '1985-08-08 01:55:13'),
        ('64', '64', '1996-11-16 14:17:08'),
        ('65', '65', '1984-08-19 18:59:26'),
        ('66', '66', '1974-07-25 07:07:22'),
        ('67', '67', '1982-09-29 12:46:59'),
        ('68', '68', '2007-02-12 20:15:26'),
        ('69', '69', '2004-09-27 23:21:03'),
        ('70', '70', '1974-10-23 15:12:54'),
        ('71', '71', '2013-03-16 23:52:28'),
        ('72', '72', '1970-04-18 13:05:27'),
        ('73', '73', '2006-05-19 23:23:35'),
        ('74', '74', '2000-11-22 18:42:45'),
        ('75', '75', '2009-12-28 07:46:55'),
        ('76', '76', '1976-05-06 15:40:00'),
        ('77', '77', '1993-08-21 00:22:06'),
        ('78', '78', '1983-07-16 22:32:04'),
        ('79', '79', '2002-12-26 08:12:19'),
        ('80', '80', '2003-09-13 19:14:12'),
        ('81', '81', '2004-04-14 13:49:12'),
        ('82', '82', '1997-11-23 21:26:11'),
        ('83', '83', '2016-09-22 07:35:59'),
        ('84', '84', '1979-02-03 16:12:48'),
        ('85', '85', '1995-01-27 22:45:58'),
        ('86', '86', '2003-07-02 07:40:51'),
        ('87', '87', '2015-04-05 10:21:24'),
        ('88', '88', '1980-12-16 08:02:32'),
        ('89', '89', '2017-04-13 07:42:24'),
        ('90', '90', '1975-08-09 01:42:54'),
        ('91', '91', '2011-07-12 08:42:37'),
        ('92', '92', '2018-03-22 13:25:01'),
        ('93', '93', '2018-03-08 17:18:01'),
        ('94', '94', '1984-02-23 04:39:40'),
        ('95', '95', '1980-06-02 05:21:09'),
        ('96', '96', '1991-10-03 10:12:48'),
        ('97', '97', '2001-11-13 18:29:10'),
        ('98', '98', '1984-05-19 23:11:55'),
        ('99', '99', '1984-01-09 00:07:52'),
        ('100', '100', '1985-05-24 06:45:38');

INSERT INTO `group_actions` (`group_id`, `action_id`, `create_date`)
    VALUES
        ('1', '1', '2006-12-03 14:20:40'),
        ('2', '2', '1999-02-13 14:06:53'),
        ('3', '3', '1991-03-18 23:31:29'),
        ('4', '4', '2013-10-08 14:18:32'),
        ('5', '5', '2012-06-28 09:48:15'),
        ('6', '6', '1989-07-05 16:34:03'),
        ('7', '7', '2002-01-08 14:18:51'),
        ('8', '8', '2013-07-07 18:17:01'),
        ('9', '9', '1994-11-09 21:53:39'),
        ('10', '10', '2011-11-11 00:50:03'),
        ('11', '11', '1983-04-02 05:57:24'),
        ('12', '12', '1982-02-01 11:50:51'),
        ('13', '13', '1984-04-17 03:01:07'),
        ('14', '14', '2001-07-10 02:22:08'),
        ('15', '15', '2008-03-21 00:13:10'),
        ('16', '16', '2011-06-04 05:13:31'),
        ('17', '17', '2017-01-15 17:05:18'),
        ('18', '18', '1977-01-31 18:50:52'),
        ('19', '19', '1995-02-12 18:40:48'),
        ('20', '20', '1971-11-14 13:16:33'),
        ('21', '21', '1987-10-24 04:38:10'),
        ('22', '22', '2015-03-21 07:02:58'),
        ('23', '23', '2018-09-03 00:00:22'),
        ('24', '24', '2014-09-25 09:50:38'),
        ('25', '25', '2015-08-23 11:50:45'),
        ('26', '26', '2014-01-25 08:21:30'),
        ('27', '27', '1983-07-25 09:28:06'),
        ('28', '28', '2014-09-17 23:20:03'),
        ('29', '29', '1991-04-18 00:52:25'),
        ('30', '30', '1987-10-19 10:15:57'),
        ('31', '31', '1989-10-19 20:06:42'),
        ('32', '32', '1975-06-05 15:38:10'),
        ('33', '33', '2012-03-23 13:24:11'),
        ('34', '34', '1996-05-18 15:36:29'),
        ('35', '35', '2001-03-05 21:29:25'),
        ('36', '36', '1970-08-08 16:26:30'),
        ('37', '37', '1990-08-28 03:22:28'),
        ('38', '38', '1978-01-20 10:03:40'),
        ('39', '39', '2018-05-19 06:10:29'),
        ('40', '40', '2016-10-30 01:55:38'),
        ('41', '41', '2005-08-24 21:05:03'),
        ('42', '42', '1970-04-09 20:01:37'),
        ('43', '43', '2011-03-04 18:43:21'),
        ('44', '44', '2009-08-30 02:26:56'),
        ('45', '45', '1995-04-04 18:36:22'),
        ('46', '46', '2003-03-23 06:28:46'),
        ('47', '47', '1984-09-11 12:25:47'),
        ('48', '48', '1970-01-15 01:28:00'),
        ('49', '49', '1990-01-08 08:06:07'),
        ('50', '50', '1981-12-22 06:48:11'),
        ('51', '51', '1992-09-29 23:26:49'),
        ('52', '52', '1996-11-19 17:08:33'),
        ('53', '53', '2010-05-04 22:39:36'),
        ('54', '54', '2003-12-02 00:56:55'),
        ('55', '55', '1972-11-17 13:32:28'),
        ('56', '56', '2003-10-14 01:30:45'),
        ('57', '57', '1998-12-07 13:58:42'),
        ('58', '58', '2001-04-08 00:15:06'),
        ('59', '59', '2003-10-12 02:26:19'),
        ('60', '60', '2003-04-02 07:43:34'),
        ('61', '61', '1981-04-21 20:24:05'),
        ('62', '62', '1998-12-05 09:09:26'),
        ('63', '63', '2003-12-11 09:49:45'),
        ('64', '64', '1982-12-25 07:21:52'),
        ('65', '65', '2006-12-09 07:22:57'),
        ('66', '66', '1998-05-13 04:21:50'),
        ('67', '67', '2015-02-24 00:32:54'),
        ('68', '68', '1981-06-23 05:21:17'),
        ('69', '69', '1995-12-03 00:59:29'),
        ('70', '70', '2003-05-12 23:18:33'),
        ('71', '71', '2019-03-24 05:00:49'),
        ('72', '72', '1983-03-22 09:21:36'),
        ('73', '73', '2003-07-31 15:25:57'),
        ('74', '74', '1971-03-11 17:00:09'),
        ('75', '75', '1999-01-25 22:36:25'),
        ('76', '76', '1977-02-27 13:05:54'),
        ('77', '77', '1970-08-23 16:24:09'),
        ('78', '78', '2015-09-10 00:45:54'),
        ('79', '79', '1988-02-03 18:09:26'),
        ('80', '80', '1974-10-11 10:25:03'),
        ('81', '81', '1978-12-09 10:35:03'),
        ('82', '82', '2005-02-09 17:42:33'),
        ('83', '83', '1979-01-16 02:46:30'),
        ('84', '84', '1980-11-03 13:47:39'),
        ('85', '85', '2000-10-28 04:12:57'),
        ('86', '86', '1984-04-08 22:01:02'),
        ('87', '87', '2016-06-04 16:21:21'),
        ('88', '88', '1988-09-29 00:40:21'),
        ('89', '89', '1994-01-25 16:16:05'),
        ('90', '90', '1984-12-25 15:28:26'),
        ('91', '91', '1982-08-24 11:18:23'),
        ('92', '92', '2004-03-12 11:17:28'),
        ('93', '93', '1980-03-20 14:04:23'),
        ('94', '94', '1997-06-25 19:39:34'),
        ('95', '95', '2003-06-13 23:08:37'),
        ('96', '96', '1971-08-09 14:18:45'),
        ('97', '97', '1978-08-04 17:05:03'),
        ('98', '98', '1992-05-18 19:56:57'),
        ('99', '99', '1998-03-22 16:48:20'),
        ('100', '100', '1988-02-27 17:57:49');

INSERT INTO `login_history` (`user_id`, `login_time`, `ip_address`, `browser`, `create_date`)
    VALUES
        ('1', '2015-12-31 18:32:13', '91.159.131.28', NULL, '2012-09-01 05:56:44'),
        ('2', '2018-04-17 10:27:59', '124.165.11.236', NULL, '1997-08-20 03:40:36'),
        ('3', '1992-10-28 01:55:22', '159.190.33.152', NULL, '1992-10-30 07:08:25'),
        ('4', '2000-07-31 20:18:31', '185.68.244.40', NULL, '2011-04-29 17:52:58'),
        ('5', '2017-11-15 17:25:53', '181.92.99.125', NULL, '1994-12-11 19:53:04'),
        ('6', '2005-03-18 18:44:34', '242.232.192.58', NULL, '1998-11-20 16:28:12'),
        ('7', '2012-02-04 04:20:29', '56.124.8.105', NULL, '1980-12-03 12:02:56'),
        ('8', '2017-09-01 20:52:51', '101.108.169.209', NULL, '1997-11-25 16:10:31'),
        ('9', '1978-03-07 09:41:32', '184.80.51.238', NULL, '2002-11-21 08:44:05'),
        ('10', '2009-05-21 22:51:50', '197.55.126.245', NULL, '1978-08-29 17:37:57'),
        ('11', '2015-04-26 14:01:44', '206.251.242.94', NULL, '2008-01-24 10:59:52'),
        ('12', '1994-12-19 10:11:21', '195.223.103.4', NULL, '1978-08-19 06:32:50'),
        ('13', '1986-04-30 13:07:21', '201.176.148.252', NULL, '1988-04-04 05:29:52'),
        ('14', '2014-12-14 09:46:50', '141.145.235.86', NULL, '1976-10-28 03:35:11'),
        ('15', '2015-07-25 14:23:15', '31.236.78.58', NULL, '2010-11-29 08:45:26'),
        ('16', '2014-04-11 20:29:26', '23.76.225.29', NULL, '2014-03-20 02:11:14'),
        ('17', '1979-05-26 15:35:22', '197.146.240.53', NULL, '1997-07-27 16:29:18'),
        ('18', '1988-07-01 03:21:41', '153.212.227.162', NULL, '1980-02-19 15:40:55'),
        ('19', '2006-06-24 23:44:54', '23.139.228.213', NULL, '2010-08-14 18:45:52'),
        ('20', '1990-04-25 15:20:38', '44.70.22.166', NULL, '2008-02-06 12:45:56'),
        ('21', '1970-01-15 08:26:28', '220.93.87.1', NULL, '2002-05-23 12:39:57'),
        ('22', '2015-03-26 16:07:17', '138.249.252.172', NULL, '2012-08-13 18:29:32'),
        ('23', '1992-07-14 06:54:09', '177.237.156.199', NULL, '1972-02-13 05:43:37'),
        ('24', '1997-05-28 12:03:30', '32.49.127.251', NULL, '2001-11-30 13:36:08'),
        ('25', '2018-11-04 07:42:35', '122.92.59.16', NULL, '2001-05-31 08:12:23'),
        ('26', '2011-08-15 21:10:53', '46.177.250.126', NULL, '1979-11-06 13:33:33'),
        ('27', '1973-09-12 22:46:23', '182.204.219.76', NULL, '1992-06-13 09:00:27'),
        ('28', '1987-07-31 10:43:39', '18.198.110.141', NULL, '1978-12-02 13:08:50'),
        ('29', '1999-03-24 14:16:05', '245.166.111.199', NULL, '1970-01-21 10:41:25'),
        ('30', '1988-06-10 17:30:02', '247.17.8.216', NULL, '1981-04-19 02:51:27'),
        ('31', '1995-08-20 02:26:45', '40.15.172.69', NULL, '1978-01-30 10:34:37'),
        ('32', '2002-01-20 20:17:53', '83.148.29.196', NULL, '2009-08-01 23:27:44'),
        ('33', '2003-11-02 13:20:21', '169.228.143.105', NULL, '2010-10-05 07:20:33'),
        ('34', '1998-07-20 01:37:45', '78.133.14.113', NULL, '1980-06-20 05:53:28'),
        ('35', '2018-01-13 02:45:38', '110.73.172.235', NULL, '1977-01-28 18:03:32'),
        ('36', '2014-12-28 19:30:10', '139.179.227.248', NULL, '1978-08-23 23:17:24'),
        ('37', '2015-03-20 15:45:05', '138.14.194.198', NULL, '1995-07-17 08:53:42'),
        ('38', '1997-04-12 17:51:31', '148.20.235.57', NULL, '1988-12-23 18:05:30'),
        ('39', '2013-12-14 12:33:45', '91.18.17.114', NULL, '1994-03-01 09:45:51'),
        ('40', '2000-12-12 10:23:07', '118.20.96.194', NULL, '1988-07-04 16:15:08'),
        ('41', '1986-12-13 14:25:54', '15.71.212.240', NULL, '1976-09-28 10:48:36'),
        ('42', '1974-10-28 20:57:01', '79.222.89.238', NULL, '1991-09-13 16:01:41'),
        ('43', '1999-02-06 03:08:21', '61.193.60.187', NULL, '1991-05-12 22:30:19'),
        ('44', '2017-07-04 03:41:22', '3.138.165.103', NULL, '1997-07-13 11:08:48'),
        ('45', '2005-10-15 12:45:11', '52.249.50.149', NULL, '2015-02-07 18:52:54'),
        ('46', '1997-06-22 17:58:21', '129.209.180.236', NULL, '1978-05-26 00:20:01'),
        ('47', '2000-07-11 17:40:21', '131.161.162.203', NULL, '2000-08-02 09:35:06'),
        ('48', '1976-07-01 00:47:50', '100.230.176.212', NULL, '1972-12-22 16:02:30'),
        ('49', '2009-11-20 21:54:21', '94.247.90.45', NULL, '1976-10-24 01:39:03'),
        ('50', '2009-11-17 17:46:14', '222.13.109.236', NULL, '2011-03-10 18:06:35'),
        ('51', '1998-03-16 23:30:43', '156.243.38.8', NULL, '1982-12-25 19:42:31'),
        ('52', '1971-11-12 00:51:05', '70.148.173.127', NULL, '1992-12-19 22:08:07'),
        ('53', '1998-10-06 09:57:38', '63.25.27.35', NULL, '1990-07-08 10:22:07'),
        ('54', '2007-03-30 23:42:11', '8.138.191.231', NULL, '1983-08-14 23:11:48'),
        ('55', '2017-07-18 12:39:36', '180.26.103.240', NULL, '1981-02-28 15:42:26'),
        ('56', '2002-05-15 21:45:37', '7.82.203.236', NULL, '1972-01-24 08:12:57'),
        ('57', '2005-05-21 11:14:42', '142.140.253.77', NULL, '1977-04-08 19:24:52'),
        ('58', '1983-08-06 20:44:24', '128.225.137.84', NULL, '1976-09-25 09:39:07'),
        ('59', '1977-06-13 16:46:33', '206.169.245.126', NULL, '1990-10-22 18:05:48'),
        ('60', '1980-05-08 06:35:25', '186.58.187.174', NULL, '1975-09-17 00:10:31'),
        ('61', '2003-10-23 16:35:26', '91.86.44.120', NULL, '1971-05-31 15:27:22'),
        ('62', '1980-07-24 18:40:28', '196.195.57.117', NULL, '2003-08-18 19:31:11'),
        ('63', '2009-03-10 05:56:56', '108.182.74.47', NULL, '1970-01-19 13:47:41'),
        ('64', '1978-03-12 07:45:40', '59.217.74.242', NULL, '2019-04-05 22:35:12'),
        ('65', '1973-07-18 10:26:05', '66.155.103.239', NULL, '1997-11-10 19:09:25'),
        ('66', '1998-08-26 12:16:35', '41.212.154.21', NULL, '1989-02-28 02:14:21'),
        ('67', '1979-11-15 17:40:10', '122.181.59.115', NULL, '2017-09-29 23:18:47'),
        ('68', '1988-07-13 11:17:25', '226.186.28.237', NULL, '1998-11-30 01:21:15'),
        ('69', '1972-04-08 10:16:50', '96.210.53.29', NULL, '2009-07-30 10:33:24'),
        ('70', '1975-02-06 21:20:06', '62.196.228.146', NULL, '2017-05-16 16:59:09'),
        ('71', '1998-08-10 14:29:00', '7.168.6.32', NULL, '1974-10-05 10:50:14'),
        ('72', '1986-06-19 00:28:23', '54.64.194.136', NULL, '1989-06-23 03:52:52'),
        ('73', '1976-03-19 05:01:27', '214.244.133.214', NULL, '1986-08-02 21:55:30'),
        ('74', '2007-12-02 13:53:58', '62.237.119.152', NULL, '2012-03-29 20:01:20'),
        ('75', '1974-01-08 17:51:55', '206.173.197.253', NULL, '1992-09-02 01:09:24'),
        ('76', '1999-03-11 23:10:27', '158.114.2.221', NULL, '2007-03-24 11:51:17'),
        ('77', '1975-12-29 23:24:33', '212.97.7.137', NULL, '1996-02-07 13:26:33'),
        ('78', '1974-05-16 02:22:50', '138.35.188.105', NULL, '2004-09-25 17:11:37'),
        ('79', '2003-02-09 19:26:02', '43.178.215.83', NULL, '1978-05-17 02:17:21'),
        ('80', '2009-08-29 07:34:22', '13.24.241.125', NULL, '2004-07-05 10:02:34'),
        ('81', '2016-11-13 10:01:56', '176.224.28.27', NULL, '1988-03-18 11:25:49'),
        ('82', '1973-11-04 13:05:24', '180.143.136.222', NULL, '2007-07-01 05:06:15'),
        ('83', '2005-03-05 15:10:42', '42.159.206.123', NULL, '1982-09-18 19:38:56'),
        ('84', '2006-01-14 16:18:08', '129.29.51.45', NULL, '2012-11-26 11:06:53'),
        ('85', '2011-03-06 02:04:06', '173.100.28.238', NULL, '2004-11-03 01:23:18'),
        ('86', '1978-01-06 21:18:29', '138.131.106.249', NULL, '1982-08-02 12:01:30'),
        ('87', '1983-08-21 17:13:40', '39.230.52.102', NULL, '1991-04-24 04:38:26'),
        ('88', '1996-11-02 15:18:02', '94.223.145.150', NULL, '1982-02-27 06:01:29'),
        ('89', '1991-04-17 11:43:19', '91.240.55.199', NULL, '2008-09-10 09:52:12'),
        ('90', '1990-12-12 11:51:43', '211.38.35.189', NULL, '1983-01-28 07:59:14'),
        ('91', '1987-07-31 15:27:58', '118.20.211.249', NULL, '2019-06-24 09:26:19'),
        ('92', '1996-09-13 09:33:12', '46.17.19.248', NULL, '1970-05-06 14:07:24'),
        ('93', '2000-08-12 05:11:50', '87.1.85.218', NULL, '2001-12-19 04:24:33'),
        ('94', '2010-02-01 05:19:50', '135.218.173.73', NULL, '2014-05-11 17:35:30'),
        ('95', '1996-05-15 18:54:46', '154.174.176.210', NULL, '2019-09-12 02:24:42'),
        ('96', '1988-04-19 09:06:12', '90.82.184.170', NULL, '1970-04-05 17:17:44'),
        ('97', '2012-12-21 03:36:58', '177.58.44.113', NULL, '2011-06-23 19:10:00'),
        ('98', '1998-07-03 21:43:35', '113.92.84.187', NULL, '1978-04-14 11:11:38'),
        ('99', '1985-01-01 19:10:53', '107.99.154.142', NULL, '2015-09-15 04:00:55'),
        ('100', '1995-06-17 21:00:16', '203.161.219.215', NULL, '1977-07-14 09:15:57');



INSERT INTO `products_categories` (`id`, `category_name`, `is_deleted`, `create_date`)
    VALUES
        ('1', 'dolor', 0, '1995-03-19 07:41:23'),
        ('2', 'tempora', 1, '2001-10-14 23:57:32'),
        ('3', 'ut', 0, '2008-04-07 21:28:28'),
        ('4', 'nihil', 1, '2013-02-14 00:07:40'),
        ('5', 'est', 1, '1978-09-04 21:25:10'),
        ('6', 'sed', 0, '2011-11-28 18:00:19'),
        ('7', 'qui', 1, '1987-05-13 19:51:03'),
        ('8', 'hic', 1, '1987-03-31 00:02:37'),
        ('9', 'voluptas', 0, '1976-08-25 09:35:19'),
        ('10', 'perspiciatis', 1, '1971-05-27 01:33:47'),
        ('11', 'recusandae', 1, '2018-12-19 21:27:26'),
        ('12', 'ducimus', 1, '2019-11-01 10:57:32'),
        ('13', 'repellendus', 1, '1976-05-29 06:11:43'),
        ('14', 'assumenda', 0, '1971-06-10 19:46:08'),
        ('15', 'et', 0, '1975-07-30 18:09:53'),
        ('16', 'nisi', 1, '2006-02-13 12:44:15'),
        ('17', 'quam', 0, '2015-07-09 13:23:16'),
        ('18', 'minima', 1, '1974-01-02 09:09:26'),
        ('19', 'eius', 1, '2006-09-16 08:09:49'),
        ('20', 'voluptatem', 1, '2014-05-14 11:28:20'),
        ('21', 'aspernatur', 0, '1997-06-10 05:18:26'),
        ('22', 'eligendi', 0, '1986-08-13 10:43:11'),
        ('23', 'distinctio', 0, '2003-10-11 03:00:43'),
        ('24', 'aut', 0, '2005-12-10 17:32:10'),
        ('25', 'expedita', 1, '1989-01-18 19:42:11'),
        ('26', 'modi', 0, '2001-03-05 11:46:31'),
        ('27', 'itaque', 1, '2001-09-22 18:38:40'),
        ('28', 'vero', 0, '2007-08-03 09:48:10'),
        ('29', 'doloribus', 1, '1990-01-14 01:57:47'),
        ('30', 'molestias', 0, '1997-12-17 15:18:26'),
        ('31', 'ipsum', 0, '1985-03-09 17:03:42'),
        ('32', 'aliquam', 1, '2015-07-23 14:19:41'),
        ('33', 'omnis', 0, '2014-10-25 08:35:35'),
        ('34', 'iure', 0, '2012-10-18 05:42:59'),
        ('35', 'illum', 0, '2017-12-30 01:43:51'),
        ('36', 'libero', 0, '1992-05-28 06:10:01'),
        ('37', 'placeat', 1, '2012-05-09 22:40:50'),
        ('38', 'beatae', 1, '1981-07-28 18:19:39'),
        ('39', 'sit', 0, '1977-02-23 08:39:15'),
        ('40', 'perferendis', 0, '1989-04-10 00:15:51'),
        ('41', 'vel', 1, '1981-08-02 04:48:00'),
        ('42', 'dicta', 0, '1995-06-20 11:49:09'),
        ('43', 'consequatur', 0, '1996-01-21 11:53:51'),
        ('44', 'reiciendis', 0, '1979-02-25 05:58:22'),
        ('45', 'quos', 1, '1986-05-07 15:47:07'),
        ('46', 'quasi', 1, '1975-10-01 21:28:58'),
        ('47', 'incidunt', 0, '1970-11-06 06:11:02'),
        ('48', 'vitae', 0, '1997-07-21 19:23:23'),
        ('49', 'saepe', 0, '2011-08-25 07:50:26'),
        ('50', 'quibusdam', 1, '1998-02-28 10:15:44'),
        ('51', 'rerum', 0, '2001-06-08 15:06:09'),
        ('52', 'soluta', 1, '1978-08-28 18:31:13'),
        ('53', 'voluptates', 0, '1986-02-22 18:11:01'),
        ('54', 'sint', 1, '1970-05-28 16:01:52'),
        ('55', 'dolorum', 1, '1978-10-07 11:11:03'),
        ('56', 'neque', 1, '1988-06-07 22:12:50'),
        ('57', 'iusto', 1, '2013-06-29 04:44:56'),
        ('58', 'esse', 0, '2006-09-30 23:13:04'),
        ('59', 'non', 0, '1985-08-25 13:02:44'),
        ('60', 'quo', 0, '2018-09-21 01:18:53'),
        ('61', 'suscipit', 0, '2010-01-14 13:50:25'),
        ('62', 'at', 0, '1989-06-10 02:46:04'),
        ('63', 'ipsam', 0, '1971-03-10 11:35:46'),
        ('64', 'sapiente', 1, '2004-01-07 21:30:52'),
        ('65', 'praesentium', 0, '1984-01-30 17:56:01'),
        ('66', 'ex', 0, '1973-03-06 15:58:30'),
        ('67', 'quis', 0, '2018-08-17 20:58:28'),
        ('68', 'voluptatum', 0, '2004-06-20 03:45:50'),
        ('69', 'molestiae', 1, '1982-11-20 16:10:55'),
        ('70', 'autem', 1, '2004-05-08 00:56:11'),
        ('71', 'earum', 1, '2010-04-01 06:47:55'),
        ('72', 'debitis', 0, '1978-08-03 12:06:09'),
        ('73', 'quia', 1, '1996-02-19 01:59:39'),
        ('74', 'asperiores', 1, '1984-12-07 22:08:23'),
        ('75', 'ad', 1, '1970-04-06 20:18:25'),
        ('76', 'aliquid', 1, '2004-02-19 10:06:46'),
        ('77', 'odio', 1, '1990-12-19 18:22:16'),
        ('78', 'delectus', 0, '1977-08-14 13:27:30'),
        ('79', 'tempore', 1, '2016-04-17 18:06:08'),
        ('80', 'quidem', 0, '1991-10-16 12:50:39'),
        ('81', 'id', 1, '2018-01-30 20:23:32'),
        ('82', 'officiis', 0, '1977-08-31 22:55:14'),
        ('83', 'explicabo', 0, '1987-01-02 00:38:17'),
        ('84', 'atque', 1, '2016-07-10 18:34:20'),
        ('85', 'sunt', 0, '1978-01-02 20:06:26'),
        ('86', 'dolores', 1, '2006-02-15 12:50:30'),
        ('87', 'similique', 1, '1996-11-12 19:59:40'),
        ('88', 'officia', 1, '2005-07-30 10:22:41'),
        ('89', 'natus', 1, '1971-03-10 08:00:56'),
        ('90', 'laborum', 1, '2006-03-04 13:24:41'),
        ('91', 'eos', 1, '1987-11-23 02:22:55'),
        ('92', 'tenetur', 0, '1970-09-30 07:36:51'),
        ('93', 'ab', 1, '1974-06-01 20:42:47'),
        ('94', 'a', 1, '1982-06-05 23:29:16'),
        ('95', 'corrupti', 0, '1977-10-22 10:02:58'),
        ('96', 'velit', 0, '2007-01-12 01:37:07'),
        ('97', 'numquam', 0, '1971-12-20 11:25:13'),
        ('98', 'ullam', 1, '1973-01-02 18:12:55'),
        ('99', 'laboriosam', 1, '1993-12-01 12:36:02'),
        ('100', 'deleniti', 1, '1986-09-18 20:05:24');

INSERT INTO `products` (`id`, `category_id`, `name`, `is_deleted`, `create_date`)
    VALUES
        ('1', '1', 'debitis', 1, '1996-01-24 20:43:58'),
        ('2', '2', 'omnis', 1, '1984-07-24 05:15:10'),
        ('3', '3', 'voluptas', 1, '2004-11-24 00:15:59'),
        ('4', '4', 'perspiciatis', 1, '1986-04-24 21:46:56'),
        ('5', '5', 'harum', 1, '1970-08-20 08:07:49'),
        ('6', '6', 'omnis', 0, '1972-12-20 05:11:16'),
        ('7', '7', 'rem', 0, '1998-11-27 01:59:54'),
        ('8', '8', 'cupiditate', 1, '2005-08-12 15:14:21'),
        ('9', '9', 'ut', 0, '1982-01-19 08:37:31'),
        ('10', '10', 'vel', 0, '1985-10-05 15:02:10'),
        ('11', '11', 'magnam', 0, '1994-07-12 23:54:48'),
        ('12', '12', 'rerum', 1, '1997-06-20 07:44:21'),
        ('13', '13', 'soluta', 0, '1991-06-08 04:08:47'),
        ('14', '14', 'non', 1, '1984-04-06 08:06:36'),
        ('15', '15', 'ut', 0, '1973-06-13 18:43:42'),
        ('16', '16', 'voluptas', 1, '1972-06-26 00:44:16'),
        ('17', '17', 'veniam', 1, '1985-03-22 08:20:37'),
        ('18', '18', 'at', 1, '1972-09-02 23:24:25'),
        ('19', '19', 'iusto', 0, '2018-12-13 00:46:12'),
        ('20', '20', 'reprehenderit', 1, '2007-03-23 05:40:24'),
        ('21', '21', 'inventore', 1, '2002-09-10 15:05:57'),
        ('22', '22', 'laboriosam', 1, '1978-06-21 22:34:10'),
        ('23', '23', 'tenetur', 0, '1976-07-09 21:31:54'),
        ('24', '24', 'id', 1, '1995-09-04 07:44:19'),
        ('25', '25', 'repellendus', 1, '1976-09-07 03:13:35'),
        ('26', '26', 'et', 1, '1973-01-25 23:48:56'),
        ('27', '27', 'dolore', 1, '1975-09-13 14:04:03'),
        ('28', '28', 'voluptatem', 1, '1979-05-16 10:43:29'),
        ('29', '29', 'odit', 1, '2016-06-28 11:41:24'),
        ('30', '30', 'voluptatibus', 0, '1973-09-24 07:34:34'),
        ('31', '31', 'numquam', 1, '2010-10-16 17:16:40'),
        ('32', '32', 'et', 1, '1981-11-26 11:53:57'),
        ('33', '33', 'voluptas', 1, '2008-12-13 11:28:01'),
        ('34', '34', 'architecto', 0, '2009-03-03 01:02:21'),
        ('35', '35', 'animi', 1, '1984-11-29 12:50:48'),
        ('36', '36', 'sunt', 0, '1987-11-11 19:52:22'),
        ('37', '37', 'quia', 1, '1992-01-12 20:00:22'),
        ('38', '38', 'non', 0, '1984-07-02 10:59:22'),
        ('39', '39', 'sit', 1, '1986-12-27 13:00:32'),
        ('40', '40', 'vel', 0, '2003-11-09 11:10:49'),
        ('41', '41', 'sit', 1, '1975-12-12 17:46:42'),
        ('42', '42', 'dolorum', 1, '1991-06-27 10:48:12'),
        ('43', '43', 'est', 0, '1976-08-16 15:20:58'),
        ('44', '44', 'saepe', 1, '1989-07-10 13:10:13'),
        ('45', '45', 'impedit', 0, '2007-06-11 23:21:57'),
        ('46', '46', 'debitis', 1, '1971-04-25 06:45:43'),
        ('47', '47', 'ullam', 0, '2011-01-26 15:37:27'),
        ('48', '48', 'quisquam', 0, '1993-04-27 03:41:45'),
        ('49', '49', 'omnis', 0, '2012-05-03 22:35:31'),
        ('50', '50', 'quis', 1, '1973-11-06 18:10:56'),
        ('51', '51', 'eius', 1, '2014-07-07 20:56:58'),
        ('52', '52', 'ut', 1, '2012-07-20 19:53:30'),
        ('53', '53', 'itaque', 1, '1994-09-05 10:19:53'),
        ('54', '54', 'dolorem', 1, '2013-08-18 19:50:48'),
        ('55', '55', 'sapiente', 1, '1999-10-03 23:18:02'),
        ('56', '56', 'expedita', 1, '2016-10-20 00:20:30'),
        ('57', '57', 'neque', 1, '2000-06-23 15:18:45'),
        ('58', '58', 'dolore', 1, '2001-10-29 16:51:49'),
        ('59', '59', 'accusamus', 0, '1976-09-15 16:00:29'),
        ('60', '60', 'laudantium', 0, '1981-11-19 18:00:10'),
        ('61', '61', 'est', 0, '1987-01-26 23:49:31'),
        ('62', '62', 'omnis', 0, '1991-06-01 06:33:39'),
        ('63', '63', 'aut', 1, '2004-01-29 20:21:18'),
        ('64', '64', 'a', 1, '2016-04-17 15:40:48'),
        ('65', '65', 'culpa', 1, '1993-06-17 23:32:41'),
        ('66', '66', 'eius', 0, '1978-01-02 00:46:13'),
        ('67', '67', 'ratione', 1, '1986-12-28 14:04:45'),
        ('68', '68', 'ducimus', 1, '1971-08-30 01:28:35'),
        ('69', '69', 'quo', 1, '1976-07-01 08:04:34'),
        ('70', '70', 'eum', 0, '1975-05-07 08:14:38'),
        ('71', '71', 'sed', 0, '1980-09-16 02:25:41'),
        ('72', '72', 'at', 1, '2015-02-21 22:42:06'),
        ('73', '73', 'iste', 1, '2009-01-14 15:46:51'),
        ('74', '74', 'saepe', 1, '1997-04-13 18:24:25'),
        ('75', '75', 'ut', 0, '1993-04-30 09:06:53'),
        ('76', '76', 'ut', 0, '1987-12-04 03:11:13'),
        ('77', '77', 'accusantium', 1, '1995-09-27 17:54:06'),
        ('78', '78', 'rerum', 1, '1999-09-18 12:10:01'),
        ('79', '79', 'molestiae', 0, '1984-08-18 16:36:33'),
        ('80', '80', 'totam', 1, '1986-11-18 12:42:23'),
        ('81', '81', 'et', 0, '1996-12-13 13:59:32'),
        ('82', '82', 'et', 1, '1980-08-06 14:48:59'),
        ('83', '83', 'enim', 1, '1975-04-29 16:39:34'),
        ('84', '84', 'iusto', 1, '2019-01-07 10:57:36'),
        ('85', '85', 'autem', 1, '1999-10-17 19:25:34'),
        ('86', '86', 'minus', 0, '1998-08-26 20:28:31'),
        ('87', '87', 'est', 1, '2007-01-14 08:54:26'),
        ('88', '88', 'fuga', 0, '1990-03-18 19:23:55'),
        ('89', '89', 'et', 0, '2009-01-20 11:55:45'),
        ('90', '90', 'porro', 1, '2000-02-15 17:12:48'),
        ('91', '91', 'voluptatem', 1, '2009-05-16 09:14:57'),
        ('92', '92', 'in', 0, '1983-04-19 01:35:40'),
        ('93', '93', 'dolorem', 0, '2014-05-30 18:52:26'),
        ('94', '94', 'reiciendis', 1, '1994-06-16 09:49:23'),
        ('95', '95', 'dolorem', 0, '1991-07-13 16:12:57'),
        ('96', '96', 'vitae', 1, '2013-03-09 08:54:30'),
        ('97', '97', 'molestiae', 0, '1998-12-30 04:33:45'),
        ('98', '98', 'reprehenderit', 1, '2003-07-05 14:55:53'),
        ('99', '99', 'veniam', 1, '1995-09-13 23:29:57'),
        ('100', '100', 'voluptatem', 0, '1989-01-05 10:29:39');

INSERT INTO `product_comments` (`user_id`, `product_id`, `comment_id`, `create_date`)
    VALUES
        ('1', '1', '1', '2013-09-09 15:35:59'),
        ('2', '2', '2', '1972-07-09 07:40:02'),
        ('3', '3', '3', '2004-03-17 07:23:14'),
        ('4', '4', '4', '2014-03-02 20:08:25'),
        ('5', '5', '5', '1985-09-22 06:22:30'),
        ('6', '6', '6', '1980-03-21 18:13:40'),
        ('7', '7', '7', '2003-06-08 10:23:18'),
        ('8', '8', '8', '2018-03-02 15:03:53'),
        ('9', '9', '9', '2002-01-30 01:05:16'),
        ('10', '10', '10', '1990-02-03 11:21:46'),
        ('11', '11', '11', '2008-10-01 19:27:36'),
        ('12', '12', '12', '2006-10-10 11:47:24'),
        ('13', '13', '13', '1991-03-07 01:35:26'),
        ('14', '14', '14', '1994-05-10 01:48:59'),
        ('15', '15', '15', '1989-02-10 09:09:40'),
        ('16', '16', '16', '1988-12-14 14:52:17'),
        ('17', '17', '17', '1971-07-04 22:19:49'),
        ('18', '18', '18', '1996-08-12 17:11:53'),
        ('19', '19', '19', '1991-10-09 02:46:04'),
        ('20', '20', '20', '1976-02-07 08:21:14'),
        ('21', '21', '21', '1996-11-24 01:14:48'),
        ('22', '22', '22', '2010-08-08 03:11:10'),
        ('23', '23', '23', '1988-10-05 22:14:40'),
        ('24', '24', '24', '2004-07-29 15:17:14'),
        ('25', '25', '25', '2005-02-22 10:54:36'),
        ('26', '26', '26', '2007-07-16 03:52:56'),
        ('27', '27', '27', '1987-10-26 15:11:36'),
        ('28', '28', '28', '1980-06-26 01:43:20'),
        ('29', '29', '29', '2004-10-29 06:22:40'),
        ('30', '30', '30', '1971-12-30 13:39:33'),
        ('31', '31', '31', '1991-06-23 19:10:37'),
        ('32', '32', '32', '1988-10-03 09:37:44'),
        ('33', '33', '33', '1988-11-24 07:31:45'),
        ('34', '34', '34', '2017-09-14 00:23:45'),
        ('35', '35', '35', '1976-04-30 20:14:56'),
        ('36', '36', '36', '2010-07-11 01:32:58'),
        ('37', '37', '37', '1989-07-01 21:51:23'),
        ('38', '38', '38', '1985-08-18 05:53:06'),
        ('39', '39', '39', '1975-04-28 17:47:05'),
        ('40', '40', '40', '2014-01-22 15:19:04'),
        ('41', '41', '41', '2001-05-23 18:28:31'),
        ('42', '42', '42', '1998-01-09 15:23:40'),
        ('43', '43', '43', '2004-02-02 13:07:24'),
        ('44', '44', '44', '1994-05-04 18:17:52'),
        ('45', '45', '45', '2005-11-05 03:57:11'),
        ('46', '46', '46', '1978-12-28 13:04:40'),
        ('47', '47', '47', '2006-05-11 12:20:27'),
        ('48', '48', '48', '2005-11-18 07:14:57'),
        ('49', '49', '49', '1992-05-08 10:24:57'),
        ('50', '50', '50', '1982-08-05 17:43:35'),
        ('51', '51', '51', '2019-05-21 18:44:10'),
        ('52', '52', '52', '1982-11-22 04:59:59'),
        ('53', '53', '53', '2006-01-23 13:25:41'),
        ('54', '54', '54', '1996-01-31 07:30:55'),
        ('55', '55', '55', '2009-11-11 05:31:19'),
        ('56', '56', '56', '1977-03-10 22:18:05'),
        ('57', '57', '57', '1982-07-07 22:37:13'),
        ('58', '58', '58', '1980-03-03 11:50:41'),
        ('59', '59', '59', '1982-01-17 04:43:47'),
        ('60', '60', '60', '1972-01-26 14:12:05'),
        ('61', '61', '61', '1975-04-10 22:41:35'),
        ('62', '62', '62', '1972-05-20 05:09:50'),
        ('63', '63', '63', '2014-01-10 20:40:31'),
        ('64', '64', '64', '2017-12-06 10:17:57'),
        ('65', '65', '65', '1985-07-19 15:20:34'),
        ('66', '66', '66', '1992-09-11 08:46:50'),
        ('67', '67', '67', '2016-10-09 21:20:23'),
        ('68', '68', '68', '1990-02-21 14:20:25'),
        ('69', '69', '69', '2009-08-25 19:41:35'),
        ('70', '70', '70', '2011-11-23 14:58:08'),
        ('71', '71', '71', '2015-01-15 23:33:11'),
        ('72', '72', '72', '1971-04-21 10:47:59'),
        ('73', '73', '73', '1990-05-23 08:47:08'),
        ('74', '74', '74', '1992-05-30 19:26:15'),
        ('75', '75', '75', '1983-08-25 07:38:40'),
        ('76', '76', '76', '1999-07-06 23:21:19'),
        ('77', '77', '77', '1971-12-12 04:36:59'),
        ('78', '78', '78', '2019-02-02 12:14:46'),
        ('79', '79', '79', '2000-11-10 06:58:53'),
        ('80', '80', '80', '1976-09-12 20:53:37'),
        ('81', '81', '81', '1998-05-11 22:15:20'),
        ('82', '82', '82', '1991-04-04 21:29:21'),
        ('83', '83', '83', '2003-07-02 12:54:52'),
        ('84', '84', '84', '1995-04-12 11:19:29'),
        ('85', '85', '85', '1985-04-28 05:15:43'),
        ('86', '86', '86', '1997-12-01 23:20:35'),
        ('87', '87', '87', '2011-01-15 09:55:28'),
        ('88', '88', '88', '1988-01-25 15:41:43'),
        ('89', '89', '89', '1984-11-02 13:37:03'),
        ('90', '90', '90', '2013-03-04 03:06:17'),
        ('91', '91', '91', '1988-11-04 03:57:09'),
        ('92', '92', '92', '1982-09-09 02:51:45'),
        ('93', '93', '93', '1978-11-28 09:31:42'),
        ('94', '94', '94', '1974-01-07 04:06:41'),
        ('95', '95', '95', '2014-10-14 12:59:51'),
        ('96', '96', '96', '2002-11-15 01:51:43'),
        ('97', '97', '97', '1986-12-25 11:36:12'),
        ('98', '98', '98', '1997-11-27 05:13:08'),
        ('99', '99', '99', '1999-03-23 11:46:43'),
        ('100', '100', '100', '1992-09-23 06:42:25');


INSERT INTO `product_details` (`product_id`, `size_id`, `color_id`, `brand_id`, `age_group_id`, `sex`, `desc`, `price`, `create_date`)
    VALUES
        ('1', '1', '1', '1', '1', 'man', NULL, '2318', '1970-08-03 20:59:24'),
        ('2', '2', '2', '2', '2', 'man', NULL, '61184', '1971-09-16 03:38:20'),
        ('3', '3', '3', '3', '3', 'man', NULL, '1359206', '2010-08-07 04:57:12'),
        ('4', '4', '4', '4', '4', 'woman', NULL, '1354691', '1981-07-04 13:48:44'),
        ('5', '5', '5', '5', '5', 'man', NULL, '10717967', '2014-07-29 16:02:50'),
        ('6', '6', '6', '6', '6', 'man', NULL, '5', '1995-07-14 12:49:13'),
        ('7', '7', '7', '7', '7', 'woman', NULL, '694', '1975-01-27 15:19:48'),
        ('8', '8', '8', '8', '8', 'woman', NULL, '44549533', '1997-09-30 22:34:37'),
        ('9', '9', '9', '9', '9', 'woman', NULL, '6369772', '1976-11-09 07:52:15'),
        ('10', '10', '10', '10', '10', 'man', NULL, '0', '2009-02-21 14:45:14'),
        ('11', '11', '11', '11', '11', 'woman', NULL, '0', '1981-03-16 10:17:35'),
        ('12', '12', '12', '12', '12', 'man', NULL, '4', '2017-10-02 08:56:28'),
        ('13', '13', '13', '13', '13', 'man', NULL, '51109', '1971-12-28 15:50:49'),
        ('14', '14', '14', '14', '14', 'woman', NULL, '21161', '2009-02-19 06:48:30'),
        ('15', '15', '15', '15', '15', 'man', NULL, '199', '2017-01-01 04:48:53'),
        ('16', '16', '16', '16', '16', 'man', NULL, '0', '1999-09-03 05:57:15'),
        ('17', '17', '17', '17', '17', 'woman', NULL, '362064647', '2007-06-20 12:13:14'),
        ('18', '18', '18', '18', '18', 'man', NULL, '2173805', '1987-02-28 20:18:36'),
        ('19', '19', '19', '19', '19', 'man', NULL, '5667', '1988-03-27 07:12:46'),
        ('20', '20', '20', '20', '20', 'man', NULL, '39', '1981-06-28 03:20:34'),
        ('21', '21', '21', '21', '21', 'man', NULL, '42', '1987-09-09 07:03:09'),
        ('22', '22', '22', '22', '22', 'woman', NULL, '115', '2009-08-27 11:42:39'),
        ('23', '23', '23', '23', '23', 'man', NULL, '36763352', '1980-06-27 13:30:36'),
        ('24', '24', '24', '24', '24', 'woman', NULL, '794944', '1985-02-23 04:15:37'),
        ('25', '25', '25', '25', '25', 'woman', NULL, '31757', '2001-12-28 18:44:51'),
        ('26', '26', '26', '26', '26', 'woman', NULL, '19362334', '1989-10-18 03:50:06'),
        ('27', '27', '27', '27', '27', 'woman', NULL, '0', '1992-02-24 01:20:58'),
        ('28', '28', '28', '28', '28', 'woman', NULL, '544', '1994-06-10 22:59:03'),
        ('29', '29', '29', '29', '29', 'woman', NULL, '6908', '2001-01-29 16:26:45'),
        ('30', '30', '30', '30', '30', 'woman', NULL, '27026970', '1982-06-21 13:25:37'),
        ('31', '31', '31', '31', '31', 'man', NULL, '26', '2009-12-20 10:56:02'),
        ('32', '32', '32', '32', '32', 'woman', NULL, '57591535', '1983-04-22 17:53:07'),
        ('33', '33', '33', '33', '33', 'woman', NULL, '52158', '2003-05-22 12:05:12'),
        ('34', '34', '34', '34', '34', 'woman', NULL, '19366413', '2012-03-13 08:04:55'),
        ('35', '35', '35', '35', '35', 'woman', NULL, '3535', '1998-07-10 17:25:24'),
        ('36', '36', '36', '36', '36', 'woman', NULL, '815847', '2010-05-20 07:24:44'),
        ('37', '37', '37', '37', '37', 'woman', NULL, '721787836', '2018-02-21 12:02:12'),
        ('38', '38', '38', '38', '38', 'man', NULL, '145306971', '1998-12-04 16:20:23'),
        ('39', '39', '39', '39', '39', 'man', NULL, '316744', '2012-05-20 09:48:07'),
        ('40', '40', '40', '40', '40', 'man', NULL, '2695', '1999-06-11 21:16:17'),
        ('41', '41', '41', '41', '41', 'man', NULL, '32943', '2019-10-15 16:50:22'),
        ('42', '42', '42', '42', '42', 'woman', NULL, '270607942', '1985-08-21 10:04:38'),
        ('43', '43', '43', '43', '43', 'man', NULL, '3887128', '1993-03-18 15:02:23'),
        ('44', '44', '44', '44', '44', 'woman', NULL, '3956', '1987-05-17 05:39:59'),
        ('45', '45', '45', '45', '45', 'man', NULL, '223', '1971-08-15 23:17:47'),
        ('46', '46', '46', '46', '46', 'man', NULL, '26', '2004-12-01 19:50:54'),
        ('47', '47', '47', '47', '47', 'woman', NULL, '5951247', '1983-04-29 07:16:25'),
        ('48', '48', '48', '48', '48', 'woman', NULL, '605343', '2000-11-14 20:22:01'),
        ('49', '49', '49', '49', '49', 'woman', NULL, '1', '2001-05-17 13:22:02'),
        ('50', '50', '50', '50', '50', 'woman', NULL, '0', '1992-04-11 12:59:45'),
        ('51', '51', '51', '51', '51', 'man', NULL, '43', '1980-01-26 03:33:01'),
        ('52', '52', '52', '52', '52', 'woman', NULL, '15', '1993-04-28 11:40:09'),
        ('53', '53', '53', '53', '53', 'man', NULL, '4252200', '1974-12-29 09:37:06'),
        ('54', '54', '54', '54', '54', 'man', NULL, '4462', '1982-08-09 20:35:06'),
        ('55', '55', '55', '55', '55', 'man', NULL, '649', '2007-01-22 22:28:40'),
        ('56', '56', '56', '56', '56', 'woman', NULL, '3662834', '1984-12-30 15:04:12'),
        ('57', '57', '57', '57', '57', 'man', NULL, '3438332', '1978-06-03 02:40:10'),
        ('58', '58', '58', '58', '58', 'woman', NULL, '631', '2000-06-05 23:48:42'),
        ('59', '59', '59', '59', '59', 'man', NULL, '0', '1996-11-30 16:37:02'),
        ('60', '60', '60', '60', '60', 'man', NULL, '1', '2008-09-09 01:06:12'),
        ('61', '61', '61', '61', '61', 'woman', NULL, '0', '1973-04-12 12:24:27'),
        ('62', '62', '62', '62', '62', 'man', NULL, '563', '2002-04-16 11:41:50'),
        ('63', '63', '63', '63', '63', 'woman', NULL, '4', '1990-03-05 17:00:27'),
        ('64', '64', '64', '64', '64', 'woman', NULL, '86', '2008-06-19 07:36:28'),
        ('65', '65', '65', '65', '65', 'woman', NULL, '389725', '1981-03-16 05:31:12'),
        ('66', '66', '66', '66', '66', 'woman', NULL, '152259640', '1985-12-19 20:38:11'),
        ('67', '67', '67', '67', '67', 'man', NULL, '5', '1982-08-20 17:50:52'),
        ('68', '68', '68', '68', '68', 'man', NULL, '16738623', '2010-10-04 13:49:52'),
        ('69', '69', '69', '69', '69', 'man', NULL, '264', '2016-04-30 08:02:55'),
        ('70', '70', '70', '70', '70', 'man', NULL, '0', '1984-02-27 23:55:25'),
        ('71', '71', '71', '71', '71', 'woman', NULL, '366028', '1991-09-13 18:40:54'),
        ('72', '72', '72', '72', '72', 'man', NULL, '740063709', '1977-05-19 23:23:21'),
        ('73', '73', '73', '73', '73', 'woman', NULL, '355051', '1987-07-25 22:03:40'),
        ('74', '74', '74', '74', '74', 'woman', NULL, '3392967', '1995-06-25 17:45:33'),
        ('75', '75', '75', '75', '75', 'man', NULL, '20386821', '1987-01-04 20:39:19'),
        ('76', '76', '76', '76', '76', 'woman', NULL, '5192160', '1992-08-05 10:31:55'),
        ('77', '77', '77', '77', '77', 'man', NULL, '5290679', '2007-06-06 23:27:39'),
        ('78', '78', '78', '78', '78', 'woman', NULL, '62', '2003-04-14 05:52:37'),
        ('79', '79', '79', '79', '79', 'woman', NULL, '4', '2006-02-01 18:01:39'),
        ('80', '80', '80', '80', '80', 'woman', NULL, '694', '1976-11-29 19:41:14'),
        ('81', '81', '81', '81', '81', 'man', NULL, '52', '2017-05-05 20:05:02'),
        ('82', '82', '82', '82', '82', 'woman', NULL, '27701', '1984-07-20 12:38:39'),
        ('83', '83', '83', '83', '83', 'man', NULL, '7783048', '2006-10-08 17:00:43'),
        ('84', '84', '84', '84', '84', 'woman', NULL, '299', '1996-09-16 09:08:19'),
        ('85', '85', '85', '85', '85', 'woman', NULL, '0', '2009-06-12 16:46:03'),
        ('86', '86', '86', '86', '86', 'man', NULL, '131071032', '1990-01-15 23:36:13'),
        ('87', '87', '87', '87', '87', 'man', NULL, '705258', '2019-01-03 16:46:40'),
        ('88', '88', '88', '88', '88', 'man', NULL, '0', '2006-03-04 19:05:56'),
        ('89', '89', '89', '89', '89', 'man', NULL, '7621', '1992-05-26 17:14:38'),
        ('90', '90', '90', '90', '90', 'woman', NULL, '31097623', '1992-02-29 08:27:26'),
        ('91', '91', '91', '91', '91', 'woman', NULL, '0', '1998-12-17 16:45:22'),
        ('92', '92', '92', '92', '92', 'woman', NULL, '263', '1995-05-01 02:59:47'),
        ('93', '93', '93', '93', '93', 'woman', NULL, '2', '2014-04-24 19:27:20'),
        ('94', '94', '94', '94', '94', 'woman', NULL, '4263', '1976-12-08 13:39:52'),
        ('95', '95', '95', '95', '95', 'man', NULL, '11934813', '2006-11-24 04:54:22'),
        ('96', '96', '96', '96', '96', 'man', NULL, '0', '1977-07-16 07:37:51'),
        ('97', '97', '97', '97', '97', 'woman', NULL, '100291', '1997-07-26 02:47:24'),
        ('98', '98', '98', '98', '98', 'woman', NULL, '5', '1979-11-08 17:50:27'),
        ('99', '99', '99', '99', '99', 'woman', NULL, '0', '2017-08-08 21:20:06'),
        ('100', '100', '100', '100', '100', 'woman', NULL, '6', '1990-08-10 19:45:13');

INSERT INTO `product_to_discounts` (`product_id`, `discount_id`, `is_deleted`, `create_date`)
    VALUES
        ('1', '1', 1, '1984-10-07 20:26:41'),
    ('2', '2', 1, '1980-04-07 12:13:15'),
    ('3', '3', 1, '2016-06-17 14:47:13'),
    ('4', '4', 1, '2015-03-30 12:55:22'),
    ('5', '5', 0, '2019-03-22 14:29:09'),
    ('6', '6', 1, '1988-09-18 22:45:41'),
    ('7', '7', 1, '2014-02-10 06:49:04'),
    ('8', '8', 1, '2012-05-21 14:43:42'),
    ('9', '9', 0, '2000-09-22 12:18:28'),
    ('10', '10', 0, '2004-01-20 20:44:17'),
    ('11', '11', 1, '1979-11-08 08:43:08'),
    ('12', '12', 1, '2017-12-19 02:55:31'),
    ('13', '13', 1, '1972-09-14 23:43:06'),
    ('14', '14', 1, '2017-09-30 14:35:30'),
    ('15', '15', 0, '2001-07-22 05:19:37'),
    ('16', '16', 0, '1981-07-18 06:14:49'),
    ('17', '17', 0, '1984-01-16 06:52:05'),
    ('18', '18', 0, '2018-07-28 16:12:56'),
    ('19', '19', 1, '1991-02-12 00:39:12'),
    ('20', '20', 0, '1982-04-13 16:11:23'),
    ('21', '21', 1, '2011-01-11 06:51:14'),
    ('22', '22', 0, '1982-04-21 09:58:56'),
    ('23', '23', 1, '1976-06-21 04:58:04'),
    ('24', '24', 0, '1977-05-05 10:19:43'),
    ('25', '25', 1, '1987-07-06 13:47:34'),
    ('26', '26', 1, '1982-05-01 14:11:51'),
    ('27', '27', 0, '1974-08-05 20:25:04'),
    ('28', '28', 1, '1972-05-24 01:09:29'),
    ('29', '29', 0, '2015-12-24 10:01:45'),
    ('30', '30', 0, '1996-09-15 22:24:02'),
    ('31', '31', 1, '2011-06-24 23:39:00'),
    ('32', '32', 1, '2000-08-10 10:57:28'),
    ('33', '33', 1, '1974-04-25 18:24:24'),
    ('34', '34', 1, '2019-02-05 01:31:14'),
    ('35', '35', 1, '1999-03-30 19:30:10'),
    ('36', '36', 1, '2013-11-01 10:56:58'),
    ('37', '37', 0, '1998-09-24 06:02:18'),
    ('38', '38', 1, '2002-02-28 19:04:31'),
    ('39', '39', 1, '2011-03-20 16:55:15'),
    ('40', '40', 1, '1991-01-24 08:09:44'),
    ('41', '41', 1, '1988-08-12 19:27:17'),
    ('42', '42', 1, '2002-11-01 17:16:03'),
    ('43', '43', 1, '1972-04-06 20:47:31'),
    ('44', '44', 0, '1995-08-26 01:53:44'),
    ('45', '45', 1, '2000-06-04 10:05:47'),
    ('46', '46', 1, '1983-09-20 14:20:32'),
    ('47', '47', 1, '2011-07-13 07:10:29'),
    ('48', '48', 1, '1976-03-09 04:58:45'),
    ('49', '49', 1, '2012-08-26 13:13:10'),
    ('50', '50', 0, '1971-08-18 18:40:52'),
    ('51', '51', 1, '2012-01-06 18:01:17'),
    ('52', '52', 0, '1998-09-19 07:43:15'),
    ('53', '53', 1, '1987-04-15 12:41:28'),
    ('54', '54', 0, '2011-01-16 19:43:31'),
    ('55', '55', 0, '1975-08-04 07:48:56'),
    ('56', '56', 1, '1970-10-12 14:47:10'),
    ('57', '57', 1, '2009-07-11 15:22:40'),
    ('58', '58', 0, '1989-07-09 21:49:48'),
    ('59', '59', 0, '2017-10-24 09:19:34'),
    ('60', '60', 0, '1988-06-06 16:21:50'),
    ('61', '61', 0, '2002-04-08 08:08:05'),
    ('62', '62', 1, '2019-02-20 06:07:30'),
    ('63', '63', 0, '1989-10-23 10:45:22'),
    ('64', '64', 1, '2000-03-12 14:29:25'),
    ('65', '65', 0, '1989-07-12 01:15:54'),
    ('66', '66', 1, '2008-06-27 01:34:34'),
    ('67', '67', 0, '1972-04-16 06:25:37'),
    ('68', '68', 1, '1980-03-06 00:33:19'),
    ('69', '69', 0, '2018-01-10 22:44:26'),
    ('70', '70', 1, '2010-11-06 20:06:02'),
    ('71', '71', 0, '2017-09-18 06:07:10'),
    ('72', '72', 1, '1991-11-08 08:10:12'),
    ('73', '73', 0, '1978-05-06 23:08:10'),
    ('74', '74', 1, '1993-11-24 17:55:54'),
    ('75', '75', 0, '2013-08-31 18:23:13'),
    ('76', '76', 0, '1982-12-16 21:37:53'),
    ('77', '77', 0, '1978-06-04 12:59:45'),
    ('78', '78', 1, '1980-11-20 09:03:07'),
    ('79', '79', 1, '1970-04-28 11:51:47'),
    ('80', '80', 1, '1996-09-08 11:18:35'),
    ('81', '81', 0, '1992-10-07 21:34:47'),
    ('82', '82', 1, '1975-07-18 11:18:53'),
    ('83', '83', 1, '1998-03-13 11:31:41'),
    ('84', '84', 0, '1972-07-10 02:09:34'),
    ('85', '85', 1, '1987-09-19 14:07:49'),
    ('86', '86', 1, '1988-03-16 07:39:41'),
    ('87', '87', 0, '2011-09-23 03:18:00'),
    ('88', '88', 1, '1978-09-13 13:56:26'),
    ('89', '89', 1, '2007-12-09 22:38:24'),
    ('90', '90', 1, '2008-06-02 13:10:45'),
    ('91', '91', 1, '1976-04-05 15:14:18'),
    ('92', '92', 0, '1978-05-31 19:38:13'),
    ('93', '93', 1, '2009-07-19 01:14:12'),
    ('94', '94', 0, '1990-02-18 01:17:57'),
    ('95', '95', 0, '1980-09-24 10:01:08'),
    ('96', '96', 1, '2015-06-05 04:39:25'),
    ('97', '97', 0, '2008-02-16 05:28:20'),
    ('98', '98', 0, '1988-08-22 13:59:15'),
    ('99', '99', 1, '1975-10-10 07:35:34'),
    ('100', '100', 0, '1977-02-02 09:34:10');
    
    INSERT INTO `cart` (`id`, `user_id`, `products_count`, `price`, `create_date`)
    VALUES
        ('1', '1', '0', '', '2019-07-18 08:32:46'),
         ('2', '2', '0', '282906.21691', '2013-10-07 23:34:39'),
         ('3', '3', '0', '546456207.63492', '1988-11-26 18:39:27'),
         ('4', '4', '34', '94353.1219', '2003-04-06 19:43:47'),
         ('5', '5', '11352322', '12504.9904', '2001-02-25 19:52:29'),
         ('6', '6', '95301', '24976106.554', '1985-05-28 23:00:21'),
         ('7', '7', '2', '466', '1998-11-02 09:13:44'),
         ('8', '8', '6', '', '2005-09-12 21:28:55'),
         ('9', '9', '615923', '2.482986869', '1972-01-26 08:29:50'),
         ('10', '10', '0', '35193116.70799', '1995-11-23 16:48:40'),
         ('11', '11', '0', '12363.07257', '1988-04-18 04:47:50'),
         ('12', '12', '79021', '68418.02580971', '1986-11-22 23:17:19'),
         ('13', '13', '74748994', '763.089791', '1983-09-07 04:45:32'),
         ('14', '14', '23655065', '', '1983-02-23 11:45:01'),
         ('15', '15', '834238910', '7556346.2519052', '2005-10-14 01:38:43'),
         ('16', '16', '536071541', '833557.50047', '2005-01-29 13:29:47'),
         ('17', '17', '65489', '30056574.1245', '1981-08-25 08:55:42'),
         ('18', '18', '0', '143935', '1987-11-30 09:10:36'),
         ('19', '19', '409', '584180.45256377', '2004-01-31 20:38:41'),
         ('20', '20', '201', '60821691.900384', '2008-11-22 03:37:00'),
         ('21', '21', '31430858', '1899.634411', '1993-03-09 10:23:10'),
         ('22', '22', '682617375', '457600685.03', '2014-06-22 09:59:07'),
         ('23', '23', '96', '83.627427684', '1994-11-03 06:22:00'),
         ('24', '24', '25414470', '68513.367931128', '2000-05-08 19:04:19'),
         ('25', '25', '824', '405635.66334', '1992-01-03 05:48:11'),
         ('26', '26', '9', '', '1998-02-09 03:27:57'),
         ('27', '27', '313794', '', '2006-02-26 13:41:07'),
         ('28', '28', '54995504', '', '1976-04-03 19:02:11'),
         ('29', '29', '68936', '26024.359', '1992-05-07 10:30:35'),
         ('30', '30', '0', '9032.8', '1970-09-04 17:48:26'),
         ('31', '31', '7782978', '440808764.234', '1997-02-16 04:40:09'),
         ('32', '32', '2260752', '3463', '1990-05-12 01:00:33'),
         ('33', '33', '38381', '2.255797', '1979-08-16 19:33:02'),
         ('34', '34', '6642028', '13891763.956271', '1980-08-08 01:42:01'),
         ('35', '35', '37398601', '7', '2012-02-01 08:13:48'),
         ('36', '36', '314278031', '30464.004', '2013-12-19 07:09:45'),
         ('37', '37', '2438', '208.897', '1995-01-16 11:47:21'),
         ('38', '38', '629095', '0.55074', '1981-04-06 05:07:36'),
         ('39', '39', '71727066', '1.6777726', '1974-07-29 02:06:37'),
         ('40', '40', '3', '5852296', '1997-08-18 20:26:09'),
         ('41', '41', '33085', '', '1978-05-31 11:19:25'),
         ('42', '42', '264977207', '58757410.583', '1981-03-24 09:08:33'),
         ('43', '43', '743378', '1284', '1982-01-01 03:16:03'),
         ('44', '44', '413', '49.063553', '2006-11-09 03:07:44'),
         ('45', '45', '407603893', '', '1992-08-05 06:42:44'),
         ('46', '46', '47408640', '0.7378', '1975-08-03 16:15:32'),
         ('47', '47', '283950662', '101.7706', '2005-07-19 15:52:09'),
         ('48', '48', '58665', '7111986.48201', '2018-06-04 02:15:35'),
         ('49', '49', '797526110', '73.715', '2015-03-25 02:55:16'),
         ('50', '50', '76324920', '22.1', '2003-04-15 00:01:01'),
         ('51', '51', '1390', '56.88351724', '1987-01-25 20:55:25'),
         ('52', '52', '3509878', '1964366.67', '1972-05-04 03:49:39'),
         ('53', '53', '4', '', '2015-07-01 17:00:08'),
         ('54', '54', '808', '392305375.351', '1980-07-28 17:28:47'),
         ('55', '55', '424750', '5498696.3137354', '1991-10-20 12:33:49'),
         ('56', '56', '645196386', '42992807.9', '2005-05-14 18:24:44'),
         ('57', '57', '78290942', '', '1972-11-02 03:21:18'),
         ('58', '58', '57826', '8.79494655', '2015-11-29 02:49:39'),
         ('59', '59', '86', '459.45', '1998-06-07 22:23:31'),
         ('60', '60', '488258', '56.1868295', '1977-01-29 12:02:14'),
         ('61', '61', '7', '230703.5456', '2010-04-25 18:02:40'),
         ('62', '62', '6199693', '8341517.687014', '1989-11-28 20:50:30'),
         ('63', '63', '2', '3874.55336', '2003-10-30 10:36:14'),
         ('64', '64', '427', '221.52826', '2013-05-30 09:36:23'),
         ('65', '65', '5454', '6004936.4307551', '2019-02-18 06:10:08'),
         ('66', '66', '97062314', '0.071', '2000-08-31 08:01:17'),
         ('67', '67', '942586', '', '1985-05-19 05:18:17'),
         ('68', '68', '207', '1937234.727', '1996-02-25 06:49:49'),
         ('69', '69', '707', '0.775321', '2006-02-17 23:52:45'),
         ('70', '70', '0', '1956711.26', '1996-09-14 06:44:32'),
         ('71', '71', '316669645', '26.33453', '1977-10-31 07:46:10'),
         ('72', '72', '57', '4404486.7925552', '2012-07-28 06:40:52'),
         ('73', '73', '0', '', '1971-10-25 16:03:07'),
         ('74', '74', '33', '199.92206602', '1999-03-20 23:15:22'),
         ('75', '75', '0', '65216.35512', '2005-12-19 21:47:05'),
         ('76', '76', '261030', '1140550', '2009-05-22 08:11:49'),
         ('77', '77', '6173', '27.6068985', '2015-09-02 19:16:46'),
         ('78', '78', '925187341', '8575', '2005-09-03 17:07:43'),
         ('79', '79', '11428', '', '1998-05-12 09:07:52'),
         ('80', '80', '5276033', '33145742.594353', '2016-03-08 00:55:09'),
         ('81', '81', '3876', '25.092', '1985-11-24 09:48:31'),
         ('82', '82', '953', '', '1981-07-14 05:53:14'),
         ('83', '83', '4982015', '4.523127253', '2006-12-31 19:49:24'),
         ('84', '84', '0', '2112', '2006-02-15 22:35:06'),
         ('85', '85', '40237', '51993.7262', '1979-08-28 17:41:29'),
         ('86', '86', '740055', '71.0859', '2008-01-11 23:32:20'),
         ('87', '87', '2154', '2', '1980-10-02 12:55:14'),
         ('88', '88', '3037202', '10.294908', '1983-07-18 16:15:42'),
         ('89', '89', '91845218', '1246052.838', '2005-06-23 00:23:43'),
         ('90', '90', '8', '41.61833261', '1991-10-29 18:36:33'),
         ('91', '91', '471961', '', '2017-03-17 18:09:23'),
         ('92', '92', '296492', '222.66265101', '2013-09-05 05:31:58'),
         ('93', '93', '821039', '3528140', '1971-03-21 23:44:56'),
         ('94', '94', '0', '19317856.094', '2013-12-18 11:31:10'),
         ('95', '95', '903350', '214.30106', '2012-08-11 23:36:30'),
         ('96', '96', '28880', '604271.42676', '2017-01-16 15:08:08'),
         ('97', '97', '4871757', '313328.7687', '1993-02-10 19:25:49'),
         ('98', '98', '3741818', '4101.541769', '1988-02-19 13:49:14'),
         ('99', '99', '23518962', '121.043', '1975-04-07 13:12:34'),
         ('100', '100', '9', '11.94786313', '2019-08-26 06:15:06');

INSERT INTO `cart_products` (`cart_id`, `product_id`, `product_count`, `product_price`, `is_deleted`, `create_date`)
    VALUES
        ('1', '1', 46360, '', 0, '1998-04-30 00:45:31'),
        ('2', '2', 469831946, '3579', 0, '1997-04-02 07:48:59'),
        ('3', '3', 467746, '4063063.1763', 1, '2008-08-09 08:22:42'),
        ('4', '4', 685511173, '94097', 0, '2013-09-30 07:15:46'),
        ('5', '5', 44, '19.36', 0, '2010-03-25 05:45:24'),
        ('6', '6', 0, '2.6', 1, '2011-05-19 22:58:25'),
        ('7', '7', 3809443, '6497.87', 0, '1980-08-01 23:01:25'),
        ('8', '8', 513366, '8175', 1, '1998-11-12 07:00:56'),
        ('9', '9', 8598663, '1.509', 0, '1975-06-18 09:42:59'),
        ('10', '10', 565, '187897074.74793', 0, '1991-04-28 21:20:39'),
        ('11', '11', 3794, '3.907812', 0, '1992-09-27 23:55:46'),
        ('12', '12', 18486, '6379657.35575', 1, '1979-01-01 02:31:04'),
        ('13', '13', 692304815, '3.8', 0, '2010-09-05 03:53:21'),
        ('14', '14', 4, '', 1, '2016-10-22 18:25:24'),
        ('15', '15', 568215213, '65.97', 1, '1974-06-24 05:43:10'),
        ('16', '16', 143, '124700.567', 1, '1986-05-05 07:00:43'),
        ('17', '17', 79, '400021.807423', 0, '2007-05-08 22:48:38'),
        ('18', '18', 2, '4096597.093697', 1, '1985-08-28 10:29:25'),
        ('19', '19', 7266528, '324.8793', 0, '1977-11-07 02:52:19'),
        ('20', '20', 45906258, '16253077', 0, '2010-12-20 10:37:46'),
        ('21', '21', 0, '172490536.52', 1, '1993-03-09 09:49:23'),
        ('22', '22', 934, '7761222.8581213', 0, '2007-08-20 11:19:14'),
        ('23', '23', 722, '862820.32', 1, '2013-12-30 13:11:22'),
        ('24', '24', 7506176, '16', 0, '1987-12-03 03:49:12'),
        ('25', '25', 699, '853304.1', 0, '1997-12-09 23:23:28'),
        ('26', '26', 77145617, '47251265.586094', 0, '2005-09-15 16:29:53'),
        ('27', '27', 74393, '2018649.0893827', 0, '1972-04-21 12:45:38'),
        ('28', '28', 0, '', 1, '1997-11-09 10:56:12'),
        ('29', '29', 0, '448.6516386', 1, '2013-11-14 07:56:49'),
        ('30', '30', 3, '528472.353', 1, '1970-06-29 12:35:07'),
        ('31', '31', 84, '234867709.873', 1, '2010-10-10 08:55:01'),
        ('32', '32', 36547, '', 0, '1979-08-22 06:18:58'),
        ('33', '33', 88256, '1922.895482', 0, '1990-05-04 00:29:51'),
        ('34', '34', 194, '153998.71935', 1, '1972-09-12 04:38:14'),
        ('35', '35', 278, '3603619.580629', 0, '2010-09-29 16:53:14'),
        ('36', '36', 28965877, '31207.910640082', 1, '1976-04-03 08:40:12'),
        ('37', '37', 88, '205652.6163', 0, '1985-11-16 11:32:15'),
        ('38', '38', 6414, '12.33079081', 1, '2006-06-28 21:12:30'),
        ('39', '39', 0, '3593181.9701836', 0, '1976-11-27 00:04:43'),
        ('40', '40', 720522104, '5133.603054', 0, '1971-06-13 09:57:27'),
        ('41', '41', 397051303, '56680014.405479', 1, '1991-12-18 16:16:28'),
        ('42', '42', 6696, '4528091.423108', 1, '1992-06-15 06:13:55'),
        ('43', '43', 709, '670332.8303', 1, '2008-10-26 05:37:28'),
        ('44', '44', 56418206, '2082.0486', 0, '1995-06-02 17:18:17'),
        ('45', '45', 43507816, '0.842902', 0, '1980-01-11 12:57:52'),
        ('46', '46', 10948593, '24820.488918', 1, '1984-11-21 13:35:46'),
        ('47', '47', 0, '', 0, '1980-01-25 06:16:42'),
        ('48', '48', 9258, '1296.6', 1, '2003-07-23 06:37:14'),
        ('49', '49', 3, '130.875', 1, '1970-05-10 09:08:37'),
        ('50', '50', 4803, '96258217.587', 0, '2011-08-02 04:01:05'),
        ('51', '51', 32829, '5850.69058', 1, '2005-01-03 14:45:00'),
        ('52', '52', 0, '223772591.33633', 0, '2000-11-07 07:27:31'),
        ('53', '53', 0, '1059471.45', 0, '2013-06-26 08:44:53'),
        ('54', '54', 534733, '36076025.8', 0, '1976-10-12 14:21:06'),
        ('55', '55', 30221960, '173176.1854', 0, '2019-09-21 22:39:25'),
        ('56', '56', 630172987, '', 1, '2015-05-16 01:21:13'),
        ('57', '57', 90, '737678620.8', 0, '1995-02-24 07:47:17'),
        ('58', '58', 5060, '6848.7', 0, '1989-03-16 00:10:41'),
        ('59', '59', 4, '421272.9', 1, '2015-07-18 09:45:49'),
        ('60', '60', 495, '23812.154', 1, '2016-11-13 08:30:24'),
        ('61', '61', 17258910, '2288.4', 1, '1995-08-13 17:28:37'),
        ('62', '62', 668277, '0.643143', 0, '1998-03-23 00:31:32'),
        ('63', '63', 63, '3.872', 0, '1993-05-29 16:28:44'),
        ('64', '64', 172059, '1.32', 0, '2001-10-20 11:18:54'),
        ('65', '65', 9500107, '787646.34665', 1, '1985-04-20 10:18:52'),
        ('66', '66', 9263800, '', 1, '1993-10-19 15:41:55'),
        ('67', '67', 984, '13838', 1, '2006-01-26 03:11:50'),
        ('68', '68', 6264, '384047.7215791', 0, '2019-10-14 11:56:51'),
        ('69', '69', 1, '12.256149', 1, '1998-12-12 03:34:03'),
        ('70', '70', 7218254, '10054212.882322', 1, '1983-09-08 05:48:16'),
        ('71', '71', 293, '1437.8493', 1, '1999-09-19 16:46:36'),
        ('72', '72', 2, '1818883.5756798', 0, '1985-09-18 01:22:22'),
        ('73', '73', 8, '', 1, '1981-03-13 09:42:57'),
        ('74', '74', 0, '120501934.52019', 0, '1986-03-06 13:47:21'),
        ('75', '75', 5163, '', 1, '1977-10-18 14:27:32'),
        ('76', '76', 1032, '950.756839', 0, '1994-03-27 14:57:31'),
        ('77', '77', 567201760, '', 1, '1987-01-15 23:43:28'),
        ('78', '78', 473, '41', 0, '1979-08-26 23:34:43'),
        ('79', '79', 41993126, '7768597.86108', 1, '1981-04-18 07:46:35'),
        ('80', '80', 148382599, '514469.98333383', 1, '1975-09-26 16:33:06'),
        ('81', '81', 0, '101.6', 1, '2018-12-01 01:45:50'),
        ('82', '82', 237927, '4662718.4310256', 1, '1993-09-08 00:49:38'),
        ('83', '83', 805395, '775.77', 1, '1976-02-10 22:10:22'),
        ('84', '84', 0, '44.118', 1, '1971-08-19 05:18:00'),
        ('85', '85', 73163, '517870281.57583', 0, '1987-08-08 01:35:46'),
        ('86', '86', 0, '', 1, '1991-01-26 19:23:35'),
        ('87', '87', 94446854, '21898600.6', 0, '1986-03-20 15:59:53'),
        ('88', '88', 35155428, '3782', 0, '2002-12-31 02:55:43'),
        ('89', '89', 61, '16687592.303489', 0, '1977-12-07 02:18:25'),
        ('90', '90', 2, '19.4', 0, '1981-05-15 16:57:24'),
        ('91', '91', 6293, '9258767', 0, '2017-02-17 23:06:14'),
        ('92', '92', 20, '', 1, '1979-12-02 21:00:56'),
        ('93', '93', 93363134, '0.33093', 0, '1989-12-30 09:10:12'),
        ('94', '94', 63513, '30', 0, '1974-11-03 02:08:59'),
        ('95', '95', 0, '257585434.518', 0, '1984-12-30 16:11:28'),
        ('96', '96', 685, '3', 1, '2014-05-15 11:00:58'),
        ('97', '97', 56165, '2.61', 1, '1976-10-05 14:20:35'),
        ('98', '98', 99, '33360294.0017', 0, '1976-08-18 22:40:51'),
        ('99', '99', 9874178, '382325872', 0, '1993-01-26 15:49:17'),
        ('100', '100', 86164, '', 0, '1971-01-30 10:49:32');
        
        
        INSERT INTO `order_statuses` (`id`, `alias`, `name`, `is_deleted`, `create_date`)
    VALUES
        ('1', 'new', 'new', 0, '2014-04-12 16:18:45'),
        ('2', 'complete', 'complete', 0, '1980-08-03 01:10:28'),
        ('3', 'declined', 'declined', 0, '1975-04-16 04:50:33');

INSERT INTO `orders` (`id`, `order_no`, `status_id`, `cart_id`, `is_deleted`, `create_date`)
    VALUES
        ('1', '65873415', '1', '1', 1, '2013-05-06 07:26:44'),
        ('2', '176491', '1', '2', 1, '1989-10-26 11:22:18'),
        ('3', '18376655', '1', '3', 0, '1995-07-23 23:40:12'),
        ('4', '32384462', '1', '4', 0, '2011-11-25 19:57:54'),
        ('5', '92688338', '1', '5', 0, '2003-03-05 16:01:32'),
        ('6', '54543', '1', '6', 1, '2010-10-06 06:13:31'),
        ('7', '83549122', '1', '7', 0, '1975-12-03 21:24:29'),
        ('8', '41118', '1', '8', 0, '2000-04-05 10:30:15'),
        ('9', '316', '1', '9', 0, '2006-10-19 18:48:02'),
        ('10', '3268826', '1', '10', 1, '1986-04-03 06:22:49'),
        ('11', '14104', '1', '11', 1, '2019-09-17 06:49:48'),
        ('12', '3', '1', '12', 1, '1993-04-03 01:16:54'),
        ('13', '54', '1', '13', 0, '2007-07-18 23:00:51'),
        ('14', '26510', '1', '14', 0, '1984-11-26 14:08:04'),
        ('15', '390', '1', '15', 0, '1980-03-09 12:42:30'),
        ('16', '8', '1', '16', 0, '2002-07-14 04:14:22'),
        ('17', '1', '1', '17', 1, '2007-11-25 05:55:43'),
        ('18', '2248630', '1', '18', 1, '2011-02-05 04:51:23'),
        ('19', '367915753', '1', '19', 1, '1988-09-18 08:26:33'),
        ('20', '1646', '2', '20', 0, '1984-05-27 06:42:15'),
        ('21', '96', '2', '21', 1, '2000-06-24 15:25:58'),
        ('22', '82', '2', '22', 1, '1992-06-14 02:41:27'),
        ('23', '9633', '2', '23', 1, '2000-08-04 15:40:24'),
        ('24', '1826', '2', '24', 0, '1998-07-13 22:13:58'),
        ('25', '546', '2', '25', 1, '1989-04-15 15:07:06'),
        ('26', '242022', '2', '26', 0, '2000-11-26 21:48:10'),
        ('27', '12912450', '2', '27', 0, '1984-07-15 18:44:53'),
        ('28', '9', '2', '28', 1, '1980-10-08 06:21:26'),
        ('29', '28347', '2', '29', 1, '2012-03-21 21:55:57'),
        ('30', '47377', '3', '30', 0, '1994-04-06 12:01:22'),
        ('31', '902', '3', '31', 0, '1978-04-24 14:58:29'),
        ('32', '37917', '3', '32', 1, '1995-05-08 19:10:45'),
        ('33', '1257', '3', '33', 0, '1994-11-04 18:14:26'),
        ('34', '3306628', '3', '34', 0, '1998-08-23 09:43:55'),
        ('35', '8476921', '3', '35', 1, '1976-03-24 20:02:25'),
        ('36', '66687', '3', '36', 1, '1990-03-27 02:47:51'),
        ('37', '141', '3', '37', 0, '2017-07-17 09:38:18'),
        ('38', '6081', '3', '38', 0, '1975-06-20 05:23:54'),
        ('39', '5704032', '3', '39', 0, '1995-11-13 02:06:05'),
        ('40', '883', '3', '40', 1, '1977-04-04 10:04:19'),
        ('41', '2152988', '1', '41', 1, '1988-07-19 16:14:26'),
        ('42', '350750', '1', '42', 0, '1992-06-27 05:31:15'),
        ('43', '30810045', '1', '43', 0, '1990-01-13 18:51:44'),
        ('44', '938', '1', '44', 1, '1990-05-05 14:23:35'),
        ('45', '832043515', '1', '45', 0, '2017-11-11 22:41:38'),
        ('46', '66928', '1', '46', 0, '2003-02-12 23:44:24'),
        ('47', '485814059', '1', '47', 0, '1990-10-28 05:08:34'),
        ('48', '5060', '1', '48', 0, '2004-04-28 14:38:15'),
        ('49', '15', '2', '49', 1, '2010-02-27 17:25:26'),
        ('50', '5170419', '2', '50', 0, '1997-08-29 09:09:24'),
        ('51', '542', '2', '51', 1, '1988-09-01 20:55:41'),
        ('52', '376', '2', '52', 1, '1987-11-26 00:28:20'),
        ('53', '688', '2', '53', 0, '2003-04-17 13:34:37'),
        ('54', '968', '2', '54', 0, '1970-10-24 05:41:43'),
        ('55', '9888537', '1', '55', 1, '1975-07-14 08:30:02'),
        ('56', '454', '1', '56', 0, '1987-11-15 20:06:49'),
        ('57', '978265227', '1', '57', 1, '2010-03-18 20:19:33'),
        ('58', '258847', '1', '58', 0, '1971-07-04 04:58:44'),
        ('59', '21121', '1', '59', 1, '2005-10-30 14:05:51'),
        ('60', '277', '1', '60', 0, '2018-06-08 18:42:09'),
        ('61', '6195', '1', '61', 1, '2009-11-07 11:01:09'),
        ('62', '262', '1', '62', 1, '1971-09-29 17:39:29'),
        ('63', '8920417', '1', '63', 1, '1991-03-15 09:14:41'),
        ('64', '67342004', '1', '64', 1, '1985-02-09 20:54:44'),
        ('65', '5', '1', '65', 0, '1990-12-01 09:38:49'),
        ('66', '25001512', '1', '66', 1, '2011-03-31 13:28:53'),
        ('67', '7824561', '1', '67', 1, '1999-09-25 16:58:31'),
        ('68', '473', '1', '68', 1, '1982-01-18 19:43:49'),
        ('69', '2062976', '1', '69', 1, '1989-06-15 08:49:59'),
        ('70', '517585', '1', '70', 0, '2010-08-27 10:34:32'),
        ('71', '92', '1', '71', 1, '1984-03-23 16:29:14'),
        ('72', '434', '1', '72', 0, '1980-01-07 03:56:19'),
        ('73', '618148', '2', '73', 1, '2018-09-01 12:56:26'),
        ('74', '41047', '2', '74', 0, '1998-12-21 21:59:28'),
        ('75', '6877065', '2', '75', 1, '1979-05-19 17:08:14'),
        ('76', '824217', '2', '76', 1, '2002-08-20 16:18:11'),
        ('77', '48856983', '2', '77', 0, '2013-02-14 03:11:08'),
        ('78', '68125', '3', '78', 1, '1972-01-22 23:42:52'),
        ('79', '137925469', '1', '79', 0, '1975-04-29 09:29:38'),
        ('80', '673710850', '1', '80', 0, '2019-08-03 00:40:37'),
        ('81', '268909918', '1', '81', 1, '1990-11-25 19:18:00'),
        ('82', '2498', '1', '82', 0, '1999-12-08 09:37:09'),
        ('83', '6930', '1', '83', 0, '1990-06-02 03:21:02'),
        ('84', '94772', '1', '84', 1, '1977-01-05 05:22:55'),
        ('85', '7306', '1', '85', 0, '1978-05-19 20:03:20'),
        ('86', '1104', '1', '86', 1, '2019-07-23 11:26:32'),
        ('87', '584', '1', '87', 0, '1973-06-17 06:14:07'),
        ('88', '66', '1', '88', 0, '2003-10-31 20:40:07'),
        ('89', '297089', '1', '89', 1, '2013-07-12 06:05:15'),
        ('90', '18', '1', '90', 1, '2017-07-26 00:08:00'),
        ('91', '4', '1', '91', 0, '1985-01-27 10:26:27'),
        ('92', '601593', '1', '92', 1, '1988-05-09 18:42:19'),
        ('93', '854949', '1', '93', 1, '1980-11-26 22:22:06'),
        ('94', '7543835', '1', '94', 1, '2010-07-09 07:23:55'),
        ('95', '618864', '1', '95', 1, '1975-09-11 23:25:59'),
        ('96', '21845', '1', '96', 0, '2004-02-29 20:26:40'),
        ('97', '118587', '1', '97', 1, '2008-02-10 10:39:10'),
        ('98', '3232', '1', '98', 0, '1989-03-14 13:13:11'),
        ('99', '283', '1', '99', 0, '1996-04-30 01:46:06'),
        ('100', '622914', '1', '100', 1, '2014-05-13 21:26:20');
